"clause_number","sequence","section","clause_key","heading","opening_words","always_prints","prints_when_plain_english","prints_when_raw_gate","fields_it_asks_for","depends_on","dependency_class","protective_note","keep_cut"
"1.1","1","1. Parties","PARTIES.INTRO","","This Horse Lease Agreement (the ""Agreement"") is made effective as of … by and between … of … (""Lessor"") and …","yes","always","","“Lessor is an” [required] | “Lessee is an” [required]","Cut → the question “Lessor is an” goes with it, and 3 clauses (§2.2, §2.3, §22.3) and 2 questions (“Signing individual — name”, “Signing individual — title”) stop printing for good. | Cut → the question “Lessee is an” goes with it, and 9 clauses (§2.5, §2.6, §11.4, §11.5, §13.21, §13.22, §21.2, §21.3, §22.2) and 2 questions (“Signing individual — name”, “Signing individual — title”) stop printing for good. | Cut → the question “Lessor is an” goes with it, and 1 clause (§2.1) prints in every lease from then on. | Cut → the question “Lessee is an” goes with it, and 2 clauses (§2.4, §21.1) print in every lease from then on. | Cut → the question “Lessee is an” goes with it, and 1 clause (§11.3) falls back on whatever answers remain. | Carries required fields “Lessor is an”, “Lessee is an” — cutting the clause removes them from the signing checks.","DEPENDED-UPON","",""
"2.1","2","2. Definitions; Binding Effect; Third-Party Beneficiaries","DEFINITIONS.LESSOR_PENDING","","[Pending — select whether Lessor is an individual or an entity. This placeholder is replaced by the applicable definition and …","no","“Lessor is an” is left blank","{""equals"":[""""],""field_key"":""LESSOR.PARTY_TYPE""}","— nothing","Turned on by “Lessor is an”, asked in §1.1 — cut that clause and this one prints in every lease from then on.","standalone","",""
"2.2","3","2. Definitions; Binding Effect; Third-Party Beneficiaries","DEFINITIONS.LESSOR_IND","","""Lessor Parties"" means Lessor; Lessor's spouse and family and household members, in each case when handling, caring for, transporting, or …","no","“Lessor is an” is “Individual”","{""any"":[{""equals"":[""INDIVIDUAL""],""field_key"":""LESSOR.PARTY_TYPE""}]}","— nothing","PROTECTIVE. Defines “Lessor Parties”, the group the releases, indemnities and liability cap protect. Cut it (with §2.3) and every protection written in favour of “Lessor Parties” names an undefined group. | Defines “Lessor Parties”, used in §21.2, §21.3, §2.7, §11.23, §13.26, §13.34, §13.35. | Turned on by “Lessor is an”, asked in §1.1 — cut that clause and this one stops printing for good.","PROTECTIVE + DEPENDED-UPON","Defines “Lessor Parties”, the group the releases, indemnities and liability cap protect. Cut it (with §2.3) and every protection written in favour of “Lessor Parties” names an undefined group.",""
"2.3","4","2. Definitions; Binding Effect; Third-Party Beneficiaries","DEFINITIONS.LESSOR_ENT","","""Lessor Parties"" means Lessor; Lessor's parent, subsidiary, and affiliated entities; the owners, principals, proprietors, partners, members, managers, officers, directors, employees, …","no","“Lessor is an” is “Entity / organization”","{""any"":[{""equals"":[""ENTITY""],""field_key"":""LESSOR.PARTY_TYPE""}]}","— nothing","PROTECTIVE. Entity form of the same definition. If entity Lessors are possible at all, cutting this leaves “Lessor Parties” undefined for them. | Defines “Lessor Parties”, used in §21.2, §21.3, §2.7, §11.23, §13.26, §13.34, §13.35. | Turned on by “Lessor is an”, asked in §1.1 — cut that clause and this one stops printing for good.","PROTECTIVE + DEPENDED-UPON","Entity form of the same definition. If entity Lessors are possible at all, cutting this leaves “Lessor Parties” undefined for them.",""
"2.4","5","2. Definitions; Binding Effect; Third-Party Beneficiaries","DEFINITIONS.LESSEE_PENDING","","[Pending — select whether Lessee is an individual or an entity. This placeholder is replaced by the applicable definition and …","no","“Lessee is an” is left blank","{""equals"":[""""],""field_key"":""LESSEE.PARTY_TYPE""}","— nothing","Turned on by “Lessee is an”, asked in §1.1 — cut that clause and this one prints in every lease from then on.","standalone","",""
"2.5","6","2. Definitions; Binding Effect; Third-Party Beneficiaries","DEFINITIONS.LESSEE_IND","","""Lessee Parties"" means Lessee; Lessee's spouse and family and household members, in each case when handling, caring for, transporting, riding, …","no","“Lessee is an” is “Individual”","{""any"":[{""equals"":[""INDIVIDUAL""],""field_key"":""LESSEE.PARTY_TYPE""}]}","— nothing","PROTECTIVE. Defines “Lessee Parties”, the group protected by the Lessor’s mutual release and the Lessee-side indemnity. | Defines “Lessee Parties”, used in §2.7, §11.23, §13.27, §13.34, §13.35. | Turned on by “Lessee is an”, asked in §1.1 — cut that clause and this one stops printing for good.","PROTECTIVE + DEPENDED-UPON","Defines “Lessee Parties”, the group protected by the Lessor’s mutual release and the Lessee-side indemnity.",""
"2.6","7","2. Definitions; Binding Effect; Third-Party Beneficiaries","DEFINITIONS.LESSEE_ENT","","""Lessee Parties"" means Lessee; Lessee's parent, subsidiary, and affiliated entities; the owners, principals, proprietors, partners, members, managers, officers, directors, employees, …","no","“Lessee is an” is “Entity / organization”","{""any"":[{""equals"":[""ENTITY""],""field_key"":""LESSEE.PARTY_TYPE""}]}","— nothing","PROTECTIVE. Entity form of the same definition. | Defines “Lessee Parties”, used in §2.7, §11.23, §13.27, §13.34, §13.35. | Turned on by “Lessee is an”, asked in §1.1 — cut that clause and this one stops printing for good.","PROTECTIVE + DEPENDED-UPON","Entity form of the same definition.",""
"2.7","8","2. Definitions; Binding Effect; Third-Party Beneficiaries","DEFINITIONS.BINDING","","Each release, waiver, assumption of risk, and covenant made by a party under this Agreement is made by that party …","yes","always","","— nothing","PROTECTIVE. Binds heirs, estates, insurers and subrogees to the releases, and adds an indemnity against claims brought by a party’s own family, invitees and authorised riders. This is the clause that stops an insurer suing in the injured rider’s name. | This clause points at §11.23 in prose — names it: “a release satisfying the Releases Required for Authorized Riders provision”.","PROTECTIVE","Binds heirs, estates, insurers and subrogees to the releases, and adds an indemnity against claims brought by a party’s own family, invitees and authorised riders. This is the clause that stops an insurer suing in the injured rider’s name.",""
"2.8","9","2. Definitions; Binding Effect; Third-Party Beneficiaries","DEFINITIONS.BENEFICIARIES","","Each Lessor Party and each Lessee Party who is not a signatory to this Agreement is an intended third-party beneficiary …","yes","always","","— nothing","PROTECTIVE. Lets non-signatory Lessor/Lessee Parties enforce the releases directly. Without it, a released party who did not sign may be unable to rely on the release. | This clause points at §13.26 in prose — makes the releases enforceable by non-signatories. | This clause points at §13.34 in prose — same. | This clause points at §13.35 in prose — same.","PROTECTIVE","Lets non-signatory Lessor/Lessee Parties enforce the releases directly. Without it, a released party who did not sign may be unable to rely on the release.",""
"3.1","10","3. The Horse","HORSE.IDENTITY","Horse Details","This Agreement applies to the following horse (the ""Horse""): … Color: … Markings: … Breed: … Registration Number: … Sex: …","yes","always","","“Registered name” [required] | “Color” | “Markings” | “Breed” | “Registration number” | “Sex” | “Foaling date” | “Fair market value” | “Microchip #” | “Passport #”","Cut → §13.21 (Care, Custody and Control Insurance) renders a blank where `{{HORSE.FAIR_MARKET_VALUE}}` sits mid-sentence. | Cut → §13.35 (Limitation of Liability) renders a blank where `{{HORSE.FAIR_MARKET_VALUE}}` sits mid-sentence. | §4.3 points at this clause in prose — “the horse described below” — the Horse is in fact described above, in §3.1. | §13.21 points at this clause in prose — prints {{HORSE.FAIR_MARKET_VALUE}} as the required death-benefit limit. | §13.35 points at this clause in prose — the cap is {{HORSE.FAIR_MARKET_VALUE}}. | Carries required field “Registered name” — cutting the clause removes it from the signing checks.","DEPENDED-UPON","",""
"3.2","11","3. The Horse","HORSE.OWNERSHIP","Ownership of the Horse","Lessor warrants that Lessor lawfully owns the Horse — whether owned outright, financed without any restriction that prohibits or limits …","yes","always","","— nothing","PROTECTIVE. Lessor’s warranty of clear title and authority to lease. The Lessee’s protection against leasing a horse the Lessor cannot lawfully lease. | §3.19 points at this clause in prose — “Except for the representations expressly stated in this Agreement”. | This clause points at §3.3 in prose — “where there are co-owners” — the co-owner list is the factual basis.","PROTECTIVE + DEPENDED-UPON","Lessor’s warranty of clear title and authority to lease. The Lessee’s protection against leasing a horse the Lessor cannot lawfully lease.",""
"3.3","12","3. The Horse","HORSE.COOWNERS","","Co-owners: …","yes","always","","“Co-owner(s)”","§3.2 points at this clause in prose — “where there are co-owners” — the co-owner list is the factual basis.","DEPENDED-UPON","",""
"3.4","13","3. The Horse","HORSE.OWNERSHIP_LIMITS_Q","","Are there any ownership related leasing restrictions? …","yes","always","","“Any limitations on ownership?”","Cut → the question “Any limitations on ownership?” goes with it, and 1 clause (§3.5) stops printing for good.","DEPENDED-UPON","",""
"3.5","14","3. The Horse","HORSE.OWNERSHIP_LIMITS","","Ownership related leasing restrictions: …","no","“Any limitations on ownership?” is “YES”","{""equals"":[""YES""],""field_key"":""TXN.HAS_OWNERSHIP_LIMITS""}","“Ownership limitations”","Turned on by “Any limitations on ownership?”, asked in §3.4 — cut that clause and this one stops printing for good.","standalone","",""
"3.6","15","3. The Horse","HORSE.BEHAVIOR","Behavior","The Lessor warrants that the Horse has no history of dangerous or vicious behavior as of the Effective Date of …","yes","always","","“Any exceptions to note?”","PROTECTIVE. Warranty of no dangerous-behaviour history. A disclosure representation; cutting it removes the Lessee’s contractual remedy for an undisclosed dangerous horse. | Cut → the question “Any exceptions to note?” goes with it, and 1 clause (§3.7) stops printing for good. | §3.19 points at this clause in prose — same.","PROTECTIVE + DEPENDED-UPON","Warranty of no dangerous-behaviour history. A disclosure representation; cutting it removes the Lessee’s contractual remedy for an undisclosed dangerous horse.",""
"3.7","16","3. The Horse","HORSE.BEHAVIOR_EXC","","The Lessor notes the following known exceptions to the behavior of the Horse: …","no","“Any exceptions to note?” is “YES”","{""equals"":[""YES""],""field_key"":""TXN.BEHAVIOR_HAS_EXCEPTIONS""}","“Known behavior exceptions”","Turned on by “Any exceptions to note?”, asked in §3.6 — cut that clause and this one stops printing for good.","standalone","",""
"3.8","17","3. The Horse","HORSE.CONDITION","Physical Condition","The Lessor warrants that the Horse is sound and in good physical condition as of the Effective Date of this …","yes","always","","“Any exceptions to note?”","PROTECTIVE. Warranty of soundness. Same shape as §3.6. | Cut → the question “Any exceptions to note?” goes with it, and 1 clause (§3.9) stops printing for good. | §3.19 points at this clause in prose — same.","PROTECTIVE + DEPENDED-UPON","Warranty of soundness. Same shape as §3.6.",""
"3.9","18","3. The Horse","HORSE.CONDITION_EXC","","The Lessor notes the following known exceptions to the physical condition of the Horse: …","no","“Any exceptions to note?” is “YES”","{""equals"":[""YES""],""field_key"":""TXN.CONDITION_HAS_EXCEPTIONS""}","“Known condition exceptions”","Turned on by “Any exceptions to note?”, asked in §3.8 — cut that clause and this one stops printing for good.","standalone","",""
"3.10","19","3. The Horse","HORSE.INJURY_HISTORY_PENDING","Serious Injury History","[This section is completed by the Lessor's selection above. The applicable statement replaces this placeholder once the selection is made; …","no","“Has anyone been seriously injured by the Horse's direct actions?” is left blank","{""equals"":[""""],""field_key"":""TXN.INJURY_HISTORY""}","— nothing","Turned on by “Has anyone been seriously injured by the Horse's direct actions?”, asked in §3.11 — cut that clause and this one prints in every lease from then on.","standalone","",""
"3.11","20","3. The Horse","HORSE.INJURY_HISTORY_NONE","No Serious Injury History","Lessor represents that, to Lessor's knowledge, no person has suffered serious injury proximately caused by the direct actions of the …","no","“Has anyone been seriously injured by the Horse's direct actions?” is “No”","{""equals"":[""NO""],""field_key"":""TXN.INJURY_HISTORY""}","“Has anyone been seriously injured by the Horse's direct actions?” [required]","PROTECTIVE. Lessor’s representation that no person has been seriously injured by the Horse. Paired with §3.12 this is the injury-disclosure record. | Cut → the question “Has anyone been seriously injured by the Horse's direct actions?” goes with it, and 1 clause (§3.12) and 1 question (“Injury history details”) stop printing for good. | Cut → the question “Has anyone been seriously injured by the Horse's direct actions?” goes with it, and 1 clause (§3.10) prints in every lease from then on. | §3.19 points at this clause in prose — same. | Carries required field “Has anyone been seriously injured by the Horse's direct actions?” — cutting the clause removes it from the signing checks.","PROTECTIVE + DEPENDED-UPON","Lessor’s representation that no person has been seriously injured by the Horse. Paired with §3.12 this is the injury-disclosure record.",""
"3.12","21","3. The Horse","HORSE.INJURY_HISTORY_DISCLOSED","Serious Injury History Disclosed","Lessor discloses that one or more persons have suffered serious injury involving the direct actions of the Horse, as follows, …","no","“Has anyone been seriously injured by the Horse's direct actions?” is “Yes”","{""equals"":[""YES""],""field_key"":""TXN.INJURY_HISTORY""}","“Injury history details” [required] — only if “Has anyone been seriously injured by the Horse's direct actions?” is “Yes”","PROTECTIVE. The affirmative disclosure branch, with the Lessee’s acknowledgement that they proceed knowing it. Cutting it removes the only place a known injury history is recorded and acknowledged. | Carries required field “Injury history details” — cutting the clause removes it from the signing checks. | Turned on by “Has anyone been seriously injured by the Horse's direct actions?”, asked in §3.11 — cut that clause and this one stops printing for good.","PROTECTIVE + DEPENDED-UPON","The affirmative disclosure branch, with the Lessee’s acknowledgement that they proceed knowing it. Cutting it removes the only place a known injury history is recorded and acknowledged.",""
"3.13","22","3. The Horse","HORSE.VET_CHECK","Pre-Lease Veterinary Examination","Pre-lease veterinary examination of the Horse: …","yes","always","","“Pre-lease veterinary examination”","Nothing else reads this clause or its answers. Cuts cleanly.","standalone","",""
"3.14","23","3. The Horse","HORSE.TRAINER_EVAL","Pre-Lease Trainer Evaluation","Pre-lease trainer evaluation of the Horse: …","yes","always","","“Professional suitability evaluation”","Nothing else reads this clause or its answers. Cuts cleanly.","standalone","",""
"3.15","24","3. The Horse","LOCATION.MAIN","Location","Location of the Horse: …","yes","always","","“Facility”","§3.18 points at this clause in prose — “the facility where the Horse is kept” — §3.15 is the only clause that says where that is. | §13.27 points at this clause in prose — “any facility where the Horse is kept during the term of this Agreement”. | §11.24 points at this clause in prose — “the location at which the Horse is kept under this Agreement”.","DEPENDED-UPON","",""
"3.16","25","3. The Horse","LOCATION.MOVE_CHOICE","","(no printed text — input only)","yes","always","","“Horse will move to a new location for the Lessee”","Cut → the question “Horse will move to a new location for the Lessee” goes with it, and 1 clause (§3.17) stops printing for good.","DEPENDED-UPON","",""
"3.17","26","3. The Horse","LOCATION.NEW","","Location during lease term: …","no","“Horse will move to a new location for the Lessee” is “YES”","{""equals"":[""YES""],""field_key"":""TXN.HORSE_MOVES""}","“Location during lease term”","Turned on by “Horse will move to a new location for the Lessee”, asked in §3.16 — cut that clause and this one stops printing for good.","standalone","",""
"3.18","27","3. The Horse","LOCATION.INSPECTION","","Lessor may inspect the Horse at any time, subject to the reasonable access rules of the facility where the Horse …","yes","always","","— nothing","PROTECTIVE. Lessor’s inspection and repossession right — the practical remedy when the Horse is not being cared for. §18.1 refers to it. | §18.1 points at this clause in prose — “including recovery of possession of the Horse” — the repossession right §3.18 grants. | This clause points at §3.15 in prose — “the facility where the Horse is kept” — §3.15 is the only clause that says where that is. | Requires something in writing — what that means is set by §15.1, not here.","PROTECTIVE + DEPENDED-UPON","Lessor’s inspection and repossession right — the practical remedy when the Horse is not being cared for. §18.1 refers to it.",""
"3.19","28","3. The Horse","HORSE.WARRANTY","Disclaimer of Warranties","Except for the representations expressly stated in this Agreement, LESSOR MAKES NO WARRANTIES, EXPRESS OR IMPLIED, REGARDING THE HORSE, INCLUDING …","yes","always","","— nothing","PROTECTIVE. Disclaimer of implied warranties of merchantability and fitness. Cutting it leaves the implied warranties in place. | This clause points at §3.2 in prose — “Except for the representations expressly stated in this Agreement”. | This clause points at §3.6 in prose — same. | This clause points at §3.8 in prose — same. | This clause points at §3.11 in prose — same.","PROTECTIVE","Disclaimer of implied warranties of merchantability and fitness. Cutting it leaves the implied warranties in place.",""
"4.1","29","4. Purpose and Lease Grant","PURPOSE.RECREATION_DEFAULT","Purpose of Agreement","[Pending — select the purpose of this lease. This placeholder is replaced by the applicable purpose language and blocks signing.]","no","“Purpose of the lease” is left blank","{""equals"":[""""],""field_key"":""TXN.LEASE_PURPOSE""}","— nothing","Turned on by “Purpose of the lease”, asked in §4.2 — cut that clause and this one prints in every lease from then on.","standalone","",""
"4.2","30","4. Purpose and Lease Grant","PURPOSE.RECREATION","Purpose of Agreement","For … purposes, Lessee wishes to ride and/or handle Lessor's horse, and Lessor agrees to allow Lessee to ride and/or …","no","“Purpose of the lease” is “recreational” or “instructional” or “competition” or “commercial program”","{""equals"":[""RECREATIONAL"",""INSTRUCTIONAL"",""COMPETITION"",""COMMERCIAL""],""field_key"":""TXN.LEASE_PURPOSE""}","“Purpose of the lease” [required]","Cut → the question “Purpose of the lease” goes with it, and 1 clause (§4.1) prints in every lease from then on. | Carries required field “Purpose of the lease” — cutting the clause removes it from the signing checks.","DEPENDED-UPON","",""
"4.3","31","4. Purpose and Lease Grant","PURPOSE.GRANT","Lease Grant","Subject to the terms and conditions of this Agreement, Lessor agrees to lease to Lessee and Lessee agrees to lease …","yes","always","","— nothing","PROTECTIVE. The operative granting language — “Lessor agrees to lease to Lessee and Lessee agrees to lease from Lessor”. It is the sentence that actually creates the lease; without it the document describes a transaction it never grants. | This clause points at §3.1 in prose — “the horse described below” — the Horse is in fact described above, in §3.1.","PROTECTIVE","The operative granting language — “Lessor agrees to lease to Lessee and Lessee agrees to lease from Lessor”. It is the sentence that actually creates the lease; without it the document describes a transaction it never grants.",""
"4.4","32","4. Purpose and Lease Grant","PURPOSE.LEASE_TYPE","Lease Type","Lease type: …","yes","always","","“Lease type” [required]","Cut → the question “Lease type” goes with it, and 3 clauses (§5.1, §5.2, §5.3) stop printing for good. | Carries required field “Lease type” — cutting the clause removes it from the signing checks.","DEPENDED-UPON","",""
"5.1","33","5. Schedule for Lessee's Usage","SCHEDULE.MAIN","Schedule for Lessee's Usage","Reserved days of use: …","no","“Lease type” is “Partial lease (shared or limited access)”","{""equals"":[""PARTIAL""],""field_key"":""TXN.LEASE_TYPE""}","“Reserved days of use”","§12.1 points at this clause in prose — “on their allowed days” — the reserved-days grid. | Turned on by “Lease type”, asked in §4.4 — cut that clause and this one stops printing for good.","DEPENDED-UPON","",""
"5.2","34","5. Schedule for Lessee's Usage","SCHEDULE.OTHER","","Additional or custom schedule terms: …","no","“Lease type” is “Partial lease (shared or limited access)”","{""equals"":[""PARTIAL""],""field_key"":""TXN.LEASE_TYPE""}","“Additional schedule terms”","Turned on by “Lease type”, asked in §4.4 — cut that clause and this one stops printing for good.","standalone","",""
"5.3","35","5. Schedule for Lessee's Usage","SCHEDULE.CHANGES","Schedule Changes","Any changes to the agreed upon schedule must be made and accepted in writing.","no","“Lease type” is “Partial lease (shared or limited access)”","{""equals"":[""PARTIAL""],""field_key"":""TXN.LEASE_TYPE""}","— nothing","Requires something in writing — what that means is set by §15.1, not here. | Turned on by “Lease type”, asked in §4.4 — cut that clause and this one stops printing for good.","standalone","",""
"6.1","36","6. Lease Fee","LEASE_FEE.CHOICE","","… If no monetary lease fee is payable under this Agreement, the parties agree that Lessee's undertakings of care, exercise, …","yes","always","","“Lease fee”","Defines “Lease Fee”, used in §14.4, §14.5. | §9.2 points at this clause in prose — “any per-use or lease fees for usage that occurred remain due”. | §9.3 points at this clause in prose — same. | §14.4 points at this clause in prose — “a prorated refund of Lease Fee paid”. | §14.5 points at this clause in prose — same.","DEPENDED-UPON","",""
"7.1","37","7. Payment Terms","PAYMENT_TERMS.OFFSET","Right of Offset","A party to whom money is owed under this Agreement may offset the amount owed against any amount that party …","yes","always","","— nothing","Nothing else reads this clause or its answers. Cuts cleanly.","standalone","",""
"7.2","38","7. Payment Terms","PAYMENT_TERMS.RECEIPTS","Receipts","A party seeking reimbursement for an expense paid on behalf of the other party shall provide a receipt or other …","yes","always","","— nothing","§13.20 points at this clause in prose — the reimbursement it describes is conditioned on a receipt by §7.2.","DEPENDED-UPON","",""
"7.3","39","7. Payment Terms","PAYMENT_TERMS.LATE","Late Payments","All payments are due on their due date or within 5 business days of notification of the amount owed. Payments …","yes","always","","— nothing","PROTECTIVE. Defines when a payment is late, and makes more than a month past due grounds for termination for cause. Cutting it leaves “late” undefined and removes the payment-default remedy. | This clause points at §14.3 in prose — “grounds for termination for cause under the Termination for Cause provisions”. | Requires something in writing — what that means is set by §15.1, not here.","PROTECTIVE","Defines when a payment is late, and makes more than a month past due grounds for termination for cause. Cutting it leaves “late” undefined and removes the payment-default remedy.",""
"8.1","40","8. Payment Method","PAYMENT_METHOD.MAIN","Payments by the Lessee","The Lessee may pay amounts owed under this Agreement by the following method(s): …","yes","always","","“Accepted payment methods”","Cut → the question “Accepted payment methods” goes with it, and 1 clause (§8.2) stops printing for good. | §13.20 points at this clause in prose — “in accordance with the acceptable payment methods stated in this Agreement”.","DEPENDED-UPON","",""
"8.2","41","8. Payment Method","PAYMENT_METHOD.CARD","","Credit card payments are processed as follows: …","no","“Accepted payment methods” includes “Credit Card”","{""contains"":[""CREDIT_CARD""],""field_key"":""TXN.PAYMENT_METHODS""}","“Card processor & instructions”","Turned on by “Accepted payment methods”, asked in §8.1 — cut that clause and this one stops printing for good.","standalone","",""
"8.3","42","8. Payment Method","PAYMENT_METHOD.MAIN_LESSOR","Payments by the Lessor","The Lessor may pay amounts owed under this Agreement by the following method(s): …","yes","always","","“Accepted payment methods”","Cut → the question “Accepted payment methods” goes with it, and 1 clause (§8.4) stops printing for good.","DEPENDED-UPON","",""
"8.4","43","8. Payment Method","PAYMENT_METHOD.CARD_LESSOR","","Credit card payments are processed as follows: …","no","“Accepted payment methods” includes “Credit Card”","{""contains"":[""CREDIT_CARD""],""field_key"":""TXN.LESSOR_PAYMENT_METHODS""}","“Card processor & instructions”","Turned on by “Accepted payment methods”, asked in §8.3 — cut that clause and this one stops printing for good.","standalone","",""
"9.1","44","9. Evaluation Period","EVALUATION.CHOICE","","(no printed text — input only)","yes","always","","“Evaluation period” | “Evaluation period” — only if “Evaluation period” is “Requested by Lessee” or “Required by Lessor”","Cut → the question “Evaluation period” goes with it, and 4 clauses (§9.2, §9.3, §9.4, §9.5) stop printing for good. | Cut → the question “Evaluation period” goes with it, and 2 clauses (§9.2, §9.3) and 2 questions (“Length”, “Length”) stop printing for good.","DEPENDED-UPON","",""
"9.2","45","9. Evaluation Period","EVALUATION.DATES_INCLUDED","Evaluation Period Details","Lessee shall have an evaluation period of … … beginning on the date this Agreement is fully signed by both …","no","“Evaluation period” is “Requested by Lessee” or “Required by Lessor” and “Evaluation period” is “Included within the lease term” and “Length” is 1 or more","{""all"":[{""equals"":[""REQUESTED"",""REQUIRED""],""field_key"":""TXN.EVALUATION_ENABLED""},{""equals"":[""INCLUDED""],""field_key"":""TXN.EVAL_PERIOD_TYPE""},{""gte"":1,""field_key"":""TXN.EVAL_INCLUDED_LENGTH""}]}","“Length” — only if “Evaluation period” is “Included within the lease term” | “Unit” — only if “Length” is 1 or more","This clause points at §6.1 in prose — “any per-use or lease fees for usage that occurred remain due”. | Requires something in writing — what that means is set by §15.1, not here. | Turned on by “Evaluation period”, asked in §9.1 — cut that clause and this one stops printing for good. | Turned on by “Evaluation period”, asked in §9.1 — cut that clause and this one stops printing for good.","standalone","",""
"9.3","46","9. Evaluation Period","EVALUATION.DATES_FIXED","Evaluation Period Details","Lessee shall have an evaluation period of … … beginning on the date this Agreement is fully signed by both …","no","“Evaluation period” is “Requested by Lessee” or “Required by Lessor” and “Evaluation period” is “Fixed evaluation period before the term” and “Length” is 1 or more","{""all"":[{""equals"":[""REQUESTED"",""REQUIRED""],""field_key"":""TXN.EVALUATION_ENABLED""},{""equals"":[""FIXED""],""field_key"":""TXN.EVAL_PERIOD_TYPE""},{""gte"":1,""field_key"":""TXN.EVAL_FIXED_LENGTH""}]}","“Length” — only if “Evaluation period” is “Fixed evaluation period before the term” | “Unit” — only if “Length” is 1 or more | “Evaluation period fee amount”","This clause points at §6.1 in prose — same. | Requires something in writing — what that means is set by §15.1, not here. | Turned on by “Evaluation period”, asked in §9.1 — cut that clause and this one stops printing for good. | Turned on by “Evaluation period”, asked in §9.1 — cut that clause and this one stops printing for good.","standalone","",""
"9.4","47","9. Evaluation Period","EVALUATION.REFUSED","","No evaluation period applies to this Agreement. The Lessor has declined to provide an evaluation period, and the Lease begins …","no","“Evaluation period” is “Refused by Lessor”","{""any"":[{""equals"":[""REFUSED""],""field_key"":""TXN.EVALUATION_ENABLED""}]}","— nothing","Turned on by “Evaluation period”, asked in §9.1 — cut that clause and this one stops printing for good.","standalone","",""
"9.5","48","9. Evaluation Period","EVALUATION.WAIVED","","No evaluation period applies to this Agreement. The Lessee has waived any evaluation period, and the Lease begins on the …","no","“Evaluation period” is “Waived by Lessee”","{""any"":[{""equals"":[""WAIVED""],""field_key"":""TXN.EVALUATION_ENABLED""}]}","— nothing","Turned on by “Evaluation period”, asked in §9.1 — cut that clause and this one stops printing for good.","standalone","",""
"10.1","49","10. Agreement Term","TERM.MAIN","Agreement Term","Term of this Agreement: …. This Agreement begins on …","yes","always","","“Term type” [required] | “Lease start date” [required]","Cut → the question “Term type” goes with it, and 1 clause (§10.2) stops printing for good. | Carries required fields “Term type”, “Lease start date” — cutting the clause removes them from the signing checks.","DEPENDED-UPON","",""
"10.2","50","10. Agreement Term","TERM.FIXED_END","","This Agreement continues until …","no","“Term type” is “Fixed period”","{""equals"":[""FIXED""],""field_key"":""TXN.LEASE_TERM_TYPE""}","“Lease end date”","Turned on by “Term type”, asked in §10.1 — cut that clause and this one stops printing for good.","standalone","",""
"10.3","51","10. Agreement Term","TERM.RENEWAL","Renewal Terms","Renewal terms: …","no","“Include renewal terms” is “YES”","{""equals"":[""YES""],""field_key"":""TXN.RENEWAL_INCLUDE""}","“Include renewal terms” | “Renewal terms”","Nothing else reads this clause or its answers. Cuts cleanly.","standalone","",""
"10.4","52","10. Agreement Term","TERM.ADDITIONAL","","Additional terms: …","yes","always","","“Add additional terms”","Nothing else reads this clause or its answers. Cuts cleanly.","standalone","",""
"10.5","53","10. Agreement Term","TERM.TERMINATION_XREF","","Notwithstanding the term stated above, this Agreement may be terminated earlier as provided in the Termination section of this Agreement.","yes","always","","— nothing","This clause points at §14.1 in prose — “as provided in the Termination section” — §14 as a whole. | This clause points at §14.2 in prose — same. | This clause points at §14.3 in prose — same.","standalone","",""
"11.1","54","11. Permitted Use(s) & Restrictions","PERMITTED_USE.MAIN","Permitted Use(s)","Lessor grants Lessee the right to use the Horse for the following purpose(s): … Lessee shall not use the Horse …","yes","always","","“Permitted activities” [required]","Cut → the question “Permitted activities” goes with it, and 19 clauses (§11.2, §11.3, §11.4, §11.5, §11.6, §11.7, §11.8, §11.9, §11.10, §11.11, §11.12, §11.13, §11.14, §11.15, §11.16, §13.29, §13.30, §13.31, §13.32) stop printing for good. | §11.24 points at this clause in prose — “Where Competitions are a permitted activity under this Agreement”. | §11.19 points at this clause in prose — “beyond the permitted uses stated above” — and §11.1 already says the same thing in its second sentence. | Carries required field “Permitted activities” — cutting the clause removes it from the signing checks. | Requires something in writing — what that means is set by §15.1, not here.","DEPENDED-UPON","",""
"11.2","55","11. Permitted Use(s) & Restrictions","PERMITTED_USE.TRAINER","","Riding Lessons, Jumping, and Competitions may take place only while a French Heritage Equestrian Approved Trainer or Instructor is present.","no","“Permitted activities” includes “Riding Lessons” or “Jumping” or “Competitions”","{""contains"":[""LESSONS"",""JUMPING"",""COMPETITIONS""],""field_key"":""TXN.PERMITTED_ACTIVITIES""}","— nothing","PROTECTIVE. Requires an approved trainer or instructor to be present for lessons, jumping and competitions — a supervision control that supports the assumption-of-risk position. | Turned on by “Permitted activities”, asked in §11.1 — cut that clause and this one stops printing for good.","PROTECTIVE","Requires an approved trainer or instructor to be present for lessons, jumping and competitions — a supervision control that supports the assumption-of-risk position.",""
"11.3","56","11. Permitted Use(s) & Restrictions","TRAINING_LESSONS.PENDING","Lessons","[Pending — select whether Lessee is an individual or an entity. This placeholder is replaced by the applicable lessons terms …","no","“Lessee is an” is left blank and “Permitted activities” includes “Riding Lessons”","{""all"":[{""equals"":[""""],""field_key"":""LESSEE.PARTY_TYPE""},{""contains"":[""LESSONS""],""field_key"":""TXN.PERMITTED_ACTIVITIES""}]}","— nothing","Turned on by “Lessee is an”, asked in §1.1 — cut that clause and this one falls back on whatever answers remain. | Turned on by “Permitted activities”, asked in §11.1 — cut that clause and this one stops printing for good.","standalone","",""
"11.4","57","11. Permitted Use(s) & Restrictions","TRAINING_LESSONS.LESSONS","Lessons — Continuous Enrollment","Lessee is required to maintain continuous enrollment in weekly riding lessons: …. Lessons shall be conducted only by a French …","no","“Lessee is an” is “Individual” and “Permitted activities” includes “Riding Lessons”","{""all"":[{""equals"":[""INDIVIDUAL""],""field_key"":""LESSEE.PARTY_TYPE""},{""contains"":[""LESSONS""],""field_key"":""TXN.PERMITTED_ACTIVITIES""}]}","“Lessee required to take lessons?”","Turned on by “Lessee is an”, asked in §1.1 — cut that clause and this one stops printing for good. | Turned on by “Permitted activities”, asked in §11.1 — cut that clause and this one stops printing for good.","standalone","",""
"11.5","58","11. Permitted Use(s) & Restrictions","TRAINING_LESSONS.LESSONS_ENTITY","Lessons — Lessee's Instruction Program","Lessee is permitted by Lessor to provide riding lessons with the Horse: …","no","“Lessee is an” is “Entity / organization” and “Permitted activities” includes “Riding Lessons”","{""all"":[{""equals"":[""ENTITY""],""field_key"":""LESSEE.PARTY_TYPE""},{""contains"":[""LESSONS""],""field_key"":""TXN.PERMITTED_ACTIVITIES""}]}","“Lessee permitted to provide riding lessons?”","Turned on by “Lessee is an”, asked in §1.1 — cut that clause and this one stops printing for good. | Turned on by “Permitted activities”, asked in §11.1 — cut that clause and this one stops printing for good.","standalone","",""
"11.6","59","11. Permitted Use(s) & Restrictions","TRAINING_LESSONS.TRAINING","Training","Any professional training of the Horse under this Agreement, including groundwork, schooling, and under-saddle training, shall be conducted only by …","no","“Permitted activities” includes “Training”","{""contains"":[""TRAINING""],""field_key"":""TXN.PERMITTED_ACTIVITIES""}","— nothing","Turned on by “Permitted activities”, asked in §11.1 — cut that clause and this one stops printing for good.","standalone","",""
"11.7","60","11. Permitted Use(s) & Restrictions","COMPETITIONS.INTRO","Competition Costs and Winnings","Expenses of competition (entry fees, transportation, and the like) are: …. Any prize money or winnings earned in competition shall …","no","“Permitted activities” includes “Competitions”","{""contains"":[""COMPETITIONS""],""field_key"":""TXN.PERMITTED_ACTIVITIES""}","“Competition expenses” | “Competition winnings”","Turned on by “Permitted activities”, asked in §11.1 — cut that clause and this one stops printing for good.","standalone","",""
"11.8","61","11. Permitted Use(s) & Restrictions","RESTRICT.COMP_TITLE","Competition Restrictions","…","no","“Permitted activities” includes “Competitions”","{""contains"":[""COMPETITIONS""],""field_key"":""TXN.PERMITTED_ACTIVITIES""}","“Check this box to include restrictions for competitions”","Cut → the question “Check this box to include restrictions for competitions” goes with it, and 1 clause (§11.9) stops printing for good. | Cut → the question “Check this box to include restrictions for competitions” goes with it, and 1 clause (§11.10) falls back on whatever answers remain. | Turned on by “Permitted activities”, asked in §11.1 — cut that clause and this one stops printing for good.","DEPENDED-UPON","",""
"11.9","62","11. Permitted Use(s) & Restrictions","RESTRICT.COMP_ON","","Competitions are restricted as follows: …","no","“Permitted activities” includes “Competitions” and “Check this box to include restrictions for competitions” is “YES”","{""all"":[{""contains"":[""COMPETITIONS""],""field_key"":""TXN.PERMITTED_ACTIVITIES""},{""equals"":[""YES""],""field_key"":""TXN.COMP_OMIT""}]}","“Competition restriction”","§11.24 points at this clause in prose — “subject to any competition restrictions stated in this Agreement”. | Turned on by “Permitted activities”, asked in §11.1 — cut that clause and this one stops printing for good. | Turned on by “Check this box to include restrictions for competitions”, asked in §11.8 — cut that clause and this one stops printing for good.","DEPENDED-UPON","",""
"11.10","63","11. Permitted Use(s) & Restrictions","RESTRICT.COMP_OFF","","Lessor does not restrict competition activity in any way.","no","“Permitted activities” includes “Competitions” and “Check this box to include restrictions for competitions” is “NO” or left blank","{""all"":[{""contains"":[""COMPETITIONS""],""field_key"":""TXN.PERMITTED_ACTIVITIES""},{""equals"":[""NO"",""""],""field_key"":""TXN.COMP_OMIT""}]}","— nothing","Turned on by “Permitted activities”, asked in §11.1 — cut that clause and this one stops printing for good. | Turned on by “Check this box to include restrictions for competitions”, asked in §11.8 — cut that clause and this one falls back on whatever answers remain.","standalone","",""
"11.11","64","11. Permitted Use(s) & Restrictions","RESTRICT.JUMP_TITLE","Jumping Restrictions","…","no","“Permitted activities” includes “Jumping”","{""contains"":[""JUMPING""],""field_key"":""TXN.PERMITTED_ACTIVITIES""}","“Check this box to include restrictions for jumping”","Cut → the question “Check this box to include restrictions for jumping” goes with it, and 1 clause (§11.12) stops printing for good. | Cut → the question “Check this box to include restrictions for jumping” goes with it, and 1 clause (§11.13) falls back on whatever answers remain. | Turned on by “Permitted activities”, asked in §11.1 — cut that clause and this one stops printing for good.","DEPENDED-UPON","",""
"11.12","65","11. Permitted Use(s) & Restrictions","RESTRICT.JUMP_ON","","Jumping is restricted as follows: maximum height …; no more than … days per week; under trainer supervision only: …","no","“Permitted activities” includes “Jumping” and “Check this box to include restrictions for jumping” is “YES”","{""all"":[{""contains"":[""JUMPING""],""field_key"":""TXN.PERMITTED_ACTIVITIES""},{""equals"":[""YES""],""field_key"":""TXN.JUMP_OMIT""}]}","“Maximum height” | “Days per week” | “Only under trainer supervision?”","Turned on by “Permitted activities”, asked in §11.1 — cut that clause and this one stops printing for good. | Turned on by “Check this box to include restrictions for jumping”, asked in §11.11 — cut that clause and this one stops printing for good.","standalone","",""
"11.13","66","11. Permitted Use(s) & Restrictions","RESTRICT.JUMP_OFF","","Lessor does not restrict jumping activity in any way.","no","“Permitted activities” includes “Jumping” and “Check this box to include restrictions for jumping” is “NO” or left blank","{""all"":[{""contains"":[""JUMPING""],""field_key"":""TXN.PERMITTED_ACTIVITIES""},{""equals"":[""NO"",""""],""field_key"":""TXN.JUMP_OMIT""}]}","— nothing","Turned on by “Permitted activities”, asked in §11.1 — cut that clause and this one stops printing for good. | Turned on by “Check this box to include restrictions for jumping”, asked in §11.11 — cut that clause and this one falls back on whatever answers remain.","standalone","",""
"11.14","67","11. Permitted Use(s) & Restrictions","RESTRICT.TRAIL_TITLE","Trail-Riding Restrictions","…","no","“Permitted activities” includes “Trail Riding”","{""contains"":[""TRAIL""],""field_key"":""TXN.PERMITTED_ACTIVITIES""}","“Check this box to include restrictions for trail riding”","Cut → the question “Check this box to include restrictions for trail riding” goes with it, and 1 clause (§11.15) stops printing for good. | Cut → the question “Check this box to include restrictions for trail riding” goes with it, and 1 clause (§11.16) falls back on whatever answers remain. | Turned on by “Permitted activities”, asked in §11.1 — cut that clause and this one stops printing for good.","DEPENDED-UPON","",""
"11.15","68","11. Permitted Use(s) & Restrictions","RESTRICT.TRAIL_ON","","Trail riding is restricted as follows: …","no","“Permitted activities” includes “Trail Riding” and “Check this box to include restrictions for trail riding” is “YES”","{""all"":[{""contains"":[""TRAIL""],""field_key"":""TXN.PERMITTED_ACTIVITIES""},{""equals"":[""YES""],""field_key"":""TXN.TRAIL_OMIT""}]}","“Trail-riding restriction”","Turned on by “Permitted activities”, asked in §11.1 — cut that clause and this one stops printing for good. | Turned on by “Check this box to include restrictions for trail riding”, asked in §11.14 — cut that clause and this one stops printing for good.","standalone","",""
"11.16","69","11. Permitted Use(s) & Restrictions","RESTRICT.TRAIL_OFF","","Lessor does not restrict trail-riding activity in any way.","no","“Permitted activities” includes “Trail Riding” and “Check this box to include restrictions for trail riding” is “NO” or left blank","{""all"":[{""contains"":[""TRAIL""],""field_key"":""TXN.PERMITTED_ACTIVITIES""},{""equals"":[""NO"",""""],""field_key"":""TXN.TRAIL_OMIT""}]}","— nothing","Turned on by “Permitted activities”, asked in §11.1 — cut that clause and this one stops printing for good. | Turned on by “Check this box to include restrictions for trail riding”, asked in §11.14 — cut that clause and this one falls back on whatever answers remain.","standalone","",""
"11.17","70","11. Permitted Use(s) & Restrictions","PERMITTED_USE.RESTRICTIONS","Additional Restrictions","Additional restrictions: …","yes","always","","“Add Restrictions”","Nothing else reads this clause or its answers. Cuts cleanly.","standalone","",""
"11.18","71","11. Permitted Use(s) & Restrictions","PROHIBITED.OTHER","Other Allowed Activities","Lessee is permitted to engage in the following additional activities with the Horse: …","no","“Additional permitted activities” includes “Breeding” or “Emotional Support Services” or “Film / Television / Advertising” or “Other”","{""contains"":[""BREEDING"",""EMOTIONAL_SUPPORT"",""FILM_TV_AD"",""OTHER""],""field_key"":""TXN.ADDITIONAL_ACTIVITIES""}","“Additional permitted activities”","Cut → the question “Additional permitted activities” goes with it, and 1 clause (§11.20) and 1 question (“Other additional permitted activity”) stop printing for good. | Cut → the question “Additional permitted activities” goes with it, and 1 clause (§11.19) prints in every lease from then on.","DEPENDED-UPON","",""
"11.19","72","11. Permitted Use(s) & Restrictions","PROHIBITED.OTHER_NONE","Other Allowed Activities","Lessee is not permitted to engage in any activities with the Horse beyond the permitted uses stated above.","no","“Additional permitted activities” is left blank or “None — no additional activities”","{""equals"":["""",""NONE""],""field_key"":""TXN.ADDITIONAL_ACTIVITIES""}","— nothing","This clause points at §11.1 in prose — “beyond the permitted uses stated above” — and §11.1 already says the same thing in its second sentence. | Turned on by “Additional permitted activities”, asked in §11.18 — cut that clause and this one prints in every lease from then on.","standalone","",""
"11.20","73","11. Permitted Use(s) & Restrictions","PROHIBITED.OTHER_NOTE","","Other additional permitted activity: …","no","“Additional permitted activities” includes “Other”","{""contains"":[""OTHER""],""field_key"":""TXN.ADDITIONAL_ACTIVITIES""}","“Other additional permitted activity” — only if “Additional permitted activities” includes “Other”","Turned on by “Additional permitted activities”, asked in §11.18 — cut that clause and this one stops printing for good.","standalone","",""
"11.21","74","11. Permitted Use(s) & Restrictions","PROHIBITED.OTHERS","Allowing Others to Ride","The following additional persons may ride or handle the Horse without Lessor's prior permission: …. Only the persons identified above …","yes","always","","“Others allowed to ride”","Cut → the question “Others allowed to ride” goes with it, and 1 clause (§11.22) and 1 question (“Other persons allowed”) stop printing for good. | Requires something in writing — what that means is set by §15.1, not here.","DEPENDED-UPON","",""
"11.22","75","11. Permitted Use(s) & Restrictions","PROHIBITED.OTHERS_OTHER","","Other persons allowed to ride or handle the Horse: …","no","“Others allowed to ride” includes “Other”","{""contains"":[""OTHER""],""field_key"":""TXN.OTHERS_ALLOWED""}","“Other persons allowed” — only if “Others allowed to ride” includes “Other”","Turned on by “Others allowed to ride”, asked in §11.21 — cut that clause and this one stops printing for good.","standalone","",""
"11.23","76","11. Permitted Use(s) & Restrictions","PERMITTED_USE.RELEASES_REQUIRED","Releases Required for Authorized Riders","All persons other than Lessee must, prior to handling or riding the Horse, have executed a liability release that names …","yes","always","","— nothing","PROTECTIVE. Requires every non-Lessee rider to sign a release naming both parties, with parent signature for minors. §2.7 names this provision, and §21.3 relies on it. It is the only thing standing between an unreleased guest rider and both parties. | Defines “Releases Required for Authorized Riders”, used in §2.7. | §2.7 points at this clause in prose — names it: “a release satisfying the Releases Required for Authorized Riders provision”. | §21.3 points at this clause in prose — “will, before doing so, have executed the releases required under this Agreement”.","PROTECTIVE + DEPENDED-UPON","Requires every non-Lessee rider to sign a release naming both parties, with parent signature for minors. §2.7 names this provision, and §21.3 relies on it. It is the only thing standing between an unreleased guest rider and both parties.",""
"11.24","77","11. Permitted Use(s) & Restrictions","PERMITTED_USE.TRANSPORT","Transport of the Horse","Transport of the Horse to offsite locations (other than for medical care, which is always permitted): … For clarity, riding …","yes","always","","“Offsite transport”","This clause points at §11.1 in prose — “Where Competitions are a permitted activity under this Agreement”. | This clause points at §11.9 in prose — “subject to any competition restrictions stated in this Agreement”. | This clause points at §3.15 in prose — “the location at which the Horse is kept under this Agreement”.","standalone","",""
"12.1","78","12. Horse Care and Expenses","SCHEDULE.CARE_DUTY","Lessee's Responsibility for Care and Exercise","Lessee's use of the Horse is a responsibility as well as a right: regular, consistent exercise and attention are important …","no","“Include Lessee care & exercise responsibility” is “YES”","{""equals"":[""YES""],""field_key"":""TXN.EXERCISE_INCLUDE""}","“Include Lessee care & exercise responsibility”","PROTECTIVE. The only clause imposing an affirmative care and exercise duty on the Lessee, and the only one making failure to exercise the Horse a ground for the Lessor to terminate. | This clause points at §5.1 in prose — “on their allowed days” — the reserved-days grid. | Requires something in writing — what that means is set by §15.1, not here.","PROTECTIVE","The only clause imposing an affirmative care and exercise duty on the Lessee, and the only one making failure to exercise the Horse a ground for the Lessor to terminate.",""
"12.2","79","12. Horse Care and Expenses","SCHEDULE.TRAINER_CARE","3rd Party Exercise","Lessee is permitted to engage an approved 3rd party to exercise the Horse. All 3rd party exercise shall be conducted …","no","“Include 3rd party exercise” is “YES”","{""equals"":[""YES""],""field_key"":""TXN.TRAINER_CARE_INCLUDE""}","“Include 3rd party exercise” | “Party responsible for arranging” — only if “Include 3rd party exercise” is “YES” | “Party responsible for costs” — only if “Include 3rd party exercise” is “YES” | “Lessee's share of the cost” — only if “Include 3rd party exercise” is “YES” and “Party responsible for costs” is “Shared”","Requires something in writing — what that means is set by §15.1, not here.","standalone","",""
"12.3","80","12. Horse Care and Expenses","CARE.INTRO","","Horse care and expenses shall be managed and paid for by the responsible party as listed below.","yes","always","","— nothing","§13.15 points at this clause in prose — “except as otherwise expressly allocated in the Horse Care and Expenses section”. | §13.16 points at this clause in prose — same words, same reference.","DEPENDED-UPON","",""
"12.4","81","12. Horse Care and Expenses","CARE.SUPPLEMENTS","","…","yes","always","","“Medications and supplements”","Nothing else reads this clause or its answers. Cuts cleanly.","standalone","",""
"12.5","82","12. Horse Care and Expenses","CARE.FARRIER","Farrier Care","Party responsible for arranging: … Party responsible for costs: … Farrier: … Farrier phone: …","yes","always","","“Party responsible for arranging” | “Farrier” — only if “Party responsible for arranging” is “Lessee” | “Party responsible for costs” | “Farrier phone” — only if “Party responsible for arranging” is “Lessee”","§13.15 points at this clause in prose — that section’s actual allocations live in §12.5. | §13.16 points at this clause in prose — same.","DEPENDED-UPON","",""
"12.6","83","12. Horse Care and Expenses","CARE.ROUTINE_VET","Veterinary Care","Party responsible for arranging: … Party responsible for costs: … Veterinarian: … Practice: … Address: … Veterinarian phone: …","yes","always","","“Party responsible for arranging” | “Veterinarian” — only if “Party responsible for arranging” is “Lessee” | “Party responsible for costs” | “Practice” — only if “Party responsible for arranging” is “Lessee” | “Address” — only if “Party responsible for arranging” is “Lessee” | “Veterinarian phone” — only if “Party responsible for arranging” is “Lessee”","§13.15 points at this clause in prose — and §12.6. | §13.16 points at this clause in prose — same.","DEPENDED-UPON","",""
"12.7","84","12. Horse Care and Expenses","CARE.PROTECTIVE","Protective Equipment","Horse must wear protective equipment: …","yes","always","","“Horse must wear protective equipment”","Cut → the question “Horse must wear protective equipment” goes with it, and 1 clause (§12.8) stops printing for good. | §12.8 points at this clause in prose — only reached when §12.7 answers Yes. | This clause points at §12.8 in prose — the “Yes” answered here means nothing unless §12.8 lists the equipment.","DEPENDED-UPON","",""
"12.8","85","12. Horse Care and Expenses","CARE.PROTECTIVE_EQUIP","","Lessor will provide the following equipment for the Horse: … Lessee must ensure equipment is used and properly secured to …","no","“Horse must wear protective equipment” is “YES”","{""equals"":[""YES""],""field_key"":""TXN.PROTECTIVE_REQUIRED""}","“Protective equipment”","§12.7 points at this clause in prose — the “Yes” answered here means nothing unless §12.8 lists the equipment. | This clause points at §12.7 in prose — only reached when §12.7 answers Yes. | Turned on by “Horse must wear protective equipment”, asked in §12.7 — cut that clause and this one stops printing for good.","DEPENDED-UPON","",""
"12.9","86","12. Horse Care and Expenses","CARE.TACK","Tack","When riding and handling the Horse, Lessee shall use only tack in good condition that is properly fitted to the …","yes","always","","“Is Lessee prohibited from using certain tack or equipment?”","PROTECTIVE. Requires tack to be sound and properly fitted. An equipment-safety duty; badly fitted tack is a common injury cause and a common negligence allegation.","PROTECTIVE","Requires tack to be sound and properly fitted. An equipment-safety duty; badly fitted tack is a common injury cause and a common negligence allegation.",""
"12.10","87","12. Horse Care and Expenses","CARE.RIDER_AIDS","Rider Aids","The following rider aids are prohibited: …","yes","always","","“Prohibited rider aids”","Cut → the question “Prohibited rider aids” goes with it, and 1 clause (§12.11) stops printing for good.","DEPENDED-UPON","",""
"12.11","88","12. Horse Care and Expenses","CARE.RIDER_AIDS_OTHER","","Other prohibited rider aid: …","no","“Prohibited rider aids” includes “Other”","{""contains"":[""OTHER""],""field_key"":""TXN.RIDER_AIDS""}","“Other prohibited rider aid”","Turned on by “Prohibited rider aids”, asked in §12.10 — cut that clause and this one stops printing for good.","standalone","",""
"13.1","89","13. Insurance, Risk of Loss, and Indemnification","INSURANCE_RISK.INSURANCE","Insurance Requirements","The parties agree to the insurance elections set forth below. Each policy elected or required below shall be maintained in …","yes","always","","— nothing","PROTECTIVE. Heads the insurance section and carries the obligation that every policy elected below be maintained in effect for the whole term. Cutting it leaves the elections with no duration. | This clause points at §13.3 in prose — “the insurance elections set forth below” — heads the whole block.","PROTECTIVE","Heads the insurance section and carries the obligation that every policy elected below be maintained in effect for the whole term. Cutting it leaves the elections with no duration.",""
"13.2","90","13. Insurance, Risk of Loss, and Indemnification","INSURANCE_RISK.GENERAL_LIABILITY","General Liability Insurance","(no printed text — the “General Liability Insurance” question only)","yes","always","","“General liability insurance is not required for or by either party under this Agreement.”","Cut → the question “General liability insurance is not required for or by either party under this Agreement.” goes with it, and 1 clause (§13.6) stops printing for good. | Cut → the question “General liability insurance is not required for or by either party under this Agreement.” goes with it, and 1 clause (§13.3) and 3 questions (“Lessor”, “Lessee”, “Deductible responsibility (Lessee-responsibility claims)”) print in every lease from then on. | Cut → the question “General liability insurance is not required for or by either party under this Agreement.” goes with it, and 2 clauses (§13.4, §13.5) and 3 questions (“The Lessee accepts financial responsibility for general liability insurance under this Agreement.”, “Split — % paid by Lessor”, “Split — % paid by Lessee”) fall back on whatever answers remain.","DEPENDED-UPON","",""
"13.3","91","13. Insurance, Risk of Loss, and Indemnification","INSURANCE_RISK.GL_STATUS","","Lessor: … general liability insurance covering the Horse and the activities contemplated by this Agreement. Lessee: … general liability insurance …","no","“General liability insurance is not required for or by either party under this Agreement.” is “NO” or left blank","{""equals"":[""NO"",""""],""field_key"":""TXN.GL_NOT_REQUIRED""}","“Lessor” [required] — only if “General liability insurance is not required for or by either party under this Agreement.” is “NO” or left blank | “Lessee” [required] — only if “General liability insurance is not required for or by either party under this Agreement.” is “NO” or left blank","Cut → the question “Lessor” goes with it, and 1 question (“The Lessee accepts financial responsibility for general liability insurance under this Agreement.”) stops printing for good. | Cut → the question “Lessee” goes with it, and 1 question (“The Lessee accepts financial responsibility for general liability insurance under this Agreement.”) stops printing for good. | Cut → the question “Lessor” goes with it, and 2 clauses (§13.4, §13.5) fall back on whatever answers remain. | Cut → the question “Lessee” goes with it, and 2 clauses (§13.4, §13.5) fall back on whatever answers remain. | §13.1 points at this clause in prose — “the insurance elections set forth below” — heads the whole block. | Carries required fields “Lessor”, “Lessee” — cutting the clause removes them from the signing checks. | Turned on by “General liability insurance is not required for or by either party under this Agreement.”, asked in §13.2 — cut that clause and this one prints in every lease from then on.","DEPENDED-UPON","",""
"13.4","92","13. Insurance, Risk of Loss, and Indemnification","INSURANCE_RISK.GL_DED_SIMPLE","","If a claim is made under any such policy arising from events for which Lessee bears responsibility, whether directly or …","no","“General liability insurance is not required for or by either party under this Agreement.” is “NO” or left blank and “Lessor” is “Has and will maintain” or “Will obtain and will maintain”; or “Lessee” is “Has and will maintain” or “Will obtain and will maintain”","{""all"":[{""equals"":[""NO"",""""],""field_key"":""TXN.GL_NOT_REQUIRED""},{""any"":[{""equals"":[""HAS_WILL_MAINTAIN"",""WILL_OBTAIN""],""field_key"":""TXN.GL_LESSOR_STATUS""},{""equals"":[""HAS_WILL_MAINTAIN"",""WILL_OBTAIN""],""field_key"":""TXN.GL_LESSEE_STATUS""}]}]}","“Deductible responsibility (Lessee-responsibility claims)” [required] — only if “General liability insurance is not required for or by either party under this Agreement.” is “NO” or left blank","Cut → the question “Deductible responsibility (Lessee-responsibility claims)” goes with it, and 1 clause (§13.5) and 2 questions (“Split — % paid by Lessor”, “Split — % paid by Lessee”) stop printing for good. | Carries required field “Deductible responsibility (Lessee-responsibility claims)” — cutting the clause removes it from the signing checks. | Turned on by “General liability insurance is not required for or by either party under this Agreement.”, asked in §13.2 — cut that clause and this one falls back on whatever answers remain. | Turned on by “Lessor”, asked in §13.3 — cut that clause and this one falls back on whatever answers remain. | Turned on by “Lessee”, asked in §13.3 — cut that clause and this one falls back on whatever answers remain.","DEPENDED-UPON","",""
"13.5","93","13. Insurance, Risk of Loss, and Indemnification","INSURANCE_RISK.GL_DED_SPLITC","","The deductible shall be split between the parties: … paid by Lessor and … paid by Lessee.","no","“General liability insurance is not required for or by either party under this Agreement.” is “NO” or left blank and “Deductible responsibility (Lessee-responsibility claims)” is “Split” and “Lessor” is “Has and will maintain” or “Will obtain and will maintain”; or “Lessee” is “Has and will maintain” or “Will obtain and will maintain”","{""all"":[{""equals"":[""NO"",""""],""field_key"":""TXN.GL_NOT_REQUIRED""},{""equals"":[""SPLIT""],""field_key"":""TXN.GL_DED_RESP""},{""any"":[{""equals"":[""HAS_WILL_MAINTAIN"",""WILL_OBTAIN""],""field_key"":""TXN.GL_LESSOR_STATUS""},{""equals"":[""HAS_WILL_MAINTAIN"",""WILL_OBTAIN""],""field_key"":""TXN.GL_LESSEE_STATUS""}]}]}","“Split — % paid by Lessor” — only if “General liability insurance is not required for or by either party under this Agreement.” is “NO” or left blank and “Deductible responsibility (Lessee-responsibility claims)” is “Split” | “Split — % paid by Lessee” — only if “General liability insurance is not required for or by either party under this Agreement.” is “NO” or left blank and “Deductible responsibility (Lessee-responsibility claims)” is “Split”","Turned on by “General liability insurance is not required for or by either party under this Agreement.”, asked in §13.2 — cut that clause and this one falls back on whatever answers remain. | Turned on by “Deductible responsibility (Lessee-responsibility claims)”, asked in §13.4 — cut that clause and this one stops printing for good. | Turned on by “Lessor”, asked in §13.3 — cut that clause and this one falls back on whatever answers remain. | Turned on by “Lessee”, asked in §13.3 — cut that clause and this one falls back on whatever answers remain.","standalone","",""
"13.6","94","13. Insurance, Risk of Loss, and Indemnification","INSURANCE_RISK.GL_NONE","","Lessor has elected not to require general liability insurance under this Agreement. Lessor accepts full risk and responsibility for liability …","no","“General liability insurance is not required for or by either party under this Agreement.” is “YES”","{""equals"":[""YES""],""field_key"":""TXN.GL_NOT_REQUIRED""}","— nothing","PROTECTIVE. Lessor’s express acceptance of full liability risk where no GL insurance is required. It is what makes the “not required” election a considered allocation rather than a gap. | Turned on by “General liability insurance is not required for or by either party under this Agreement.”, asked in §13.2 — cut that clause and this one stops printing for good.","PROTECTIVE","Lessor’s express acceptance of full liability risk where no GL insurance is required. It is what makes the “not required” election a considered allocation rather than a gap.",""
"13.7","95","13. Insurance, Risk of Loss, and Indemnification","INSURANCE_RISK.GL_LESSEE_RESP","General Liability — Lessee Responsibility","Lessee has elected to accept, and hereby accepts, financial responsibility for general liability insurance under this Agreement. Lessee shall obtain …","no","“The Lessee accepts financial responsibility for general liability insurance under this Agreement.” is “YES”","{""equals"":[""YES""],""field_key"":""TXN.GL_LESSEE_RESPONSIBLE""}","“The Lessee accepts financial responsibility for general liability insurance under this Agreement.” — only if “Lessor” is “Does not have and will not obtain” and “Lessee” is “Does not have and will not obtain” and “General liability insurance is not required for or by either party under this Agreement.” is “NO” or left blank","PROTECTIVE. Shifts general-liability responsibility to the Lessee where neither party holds a policy. The only clause that allocates GL risk in that state.","PROTECTIVE","Shifts general-liability responsibility to the Lessee where neither party holds a policy. The only clause that allocates GL risk in that state.",""
"13.8","96","13. Insurance, Risk of Loss, and Indemnification","INSURANCE_RISK.MORTALITY","Mortality Insurance","(no printed text — the “Mortality Insurance” question only)","yes","always","","“Mortality insurance is not required for or by either party under this Agreement.”","Cut → the question “Mortality insurance is not required for or by either party under this Agreement.” goes with it, and 1 clause (§13.12) stops printing for good. | Cut → the question “Mortality insurance is not required for or by either party under this Agreement.” goes with it, and 1 clause (§13.9) and 3 questions (“Lessor”, “Lessee”, “Deductible responsibility”) print in every lease from then on. | Cut → the question “Mortality insurance is not required for or by either party under this Agreement.” goes with it, and 3 clauses (§13.10, §13.11, §13.22) and 3 questions (“The Lessee accepts financial responsibility for mortality insurance under this Agreement.”, “Deductible split — paid by Lessor”, “Deductible split — paid by Lessee”) fall back on whatever answers remain.","DEPENDED-UPON","",""
"13.9","97","13. Insurance, Risk of Loss, and Indemnification","INSURANCE_RISK.MORT_STATUS","","Lessor: … mortality insurance on the Horse. Lessee: … mortality insurance on the Horse.","no","“Mortality insurance is not required for or by either party under this Agreement.” is “NO” or left blank","{""equals"":[""NO"",""""],""field_key"":""TXN.MORT_NOT_REQUIRED""}","“Lessor” [required] — only if “Mortality insurance is not required for or by either party under this Agreement.” is “NO” or left blank | “Lessee” [required] — only if “Mortality insurance is not required for or by either party under this Agreement.” is “NO” or left blank","Cut → the question “Lessor” goes with it, and 1 question (“The Lessee accepts financial responsibility for mortality insurance under this Agreement.”) stops printing for good. | Cut → the question “Lessee” goes with it, and 1 question (“The Lessee accepts financial responsibility for mortality insurance under this Agreement.”) stops printing for good. | Cut → the question “Lessor” goes with it, and 2 clauses (§13.10, §13.11) fall back on whatever answers remain. | Cut → the question “Lessee” goes with it, and 2 clauses (§13.10, §13.11) fall back on whatever answers remain. | §13.22 points at this clause in prose — “Lessor’s mortality insurance shall be the first policy noticed”. | Carries required fields “Lessor”, “Lessee” — cutting the clause removes them from the signing checks. | Turned on by “Mortality insurance is not required for or by either party under this Agreement.”, asked in §13.8 — cut that clause and this one prints in every lease from then on.","DEPENDED-UPON","",""
"13.10","98","13. Insurance, Risk of Loss, and Indemnification","INSURANCE_RISK.MORT_DEDR_SIMPLE","","If a claim is made under any such policy arising from events for which Lessee bears responsibility, whether directly or …","no","“Mortality insurance is not required for or by either party under this Agreement.” is “NO” or left blank and “Lessor” is “Has and will maintain” or “Will obtain and will maintain”; or “Lessee” is “Has and will maintain” or “Will obtain and will maintain”","{""all"":[{""equals"":[""NO"",""""],""field_key"":""TXN.MORT_NOT_REQUIRED""},{""any"":[{""equals"":[""HAS_WILL_MAINTAIN"",""WILL_OBTAIN""],""field_key"":""TXN.MORT_LESSOR_STATUS""},{""equals"":[""HAS_WILL_MAINTAIN"",""WILL_OBTAIN""],""field_key"":""TXN.MORT_LESSEE_STATUS""}]}]}","“Deductible responsibility” [required] — only if “Mortality insurance is not required for or by either party under this Agreement.” is “NO” or left blank","Cut → the question “Deductible responsibility” goes with it, and 1 clause (§13.11) and 2 questions (“Deductible split — paid by Lessor”, “Deductible split — paid by Lessee”) stop printing for good. | Carries required field “Deductible responsibility” — cutting the clause removes it from the signing checks. | Turned on by “Mortality insurance is not required for or by either party under this Agreement.”, asked in §13.8 — cut that clause and this one falls back on whatever answers remain. | Turned on by “Lessor”, asked in §13.9 — cut that clause and this one falls back on whatever answers remain. | Turned on by “Lessee”, asked in §13.9 — cut that clause and this one falls back on whatever answers remain.","DEPENDED-UPON","",""
"13.11","99","13. Insurance, Risk of Loss, and Indemnification","INSURANCE_RISK.MORT_DEDR_SPLITC","","The deductible shall be split between the parties: … paid by Lessor and … paid by Lessee.","no","“Mortality insurance is not required for or by either party under this Agreement.” is “NO” or left blank and “Deductible responsibility” is “Split” and “Lessor” is “Has and will maintain” or “Will obtain and will maintain”; or “Lessee” is “Has and will maintain” or “Will obtain and will maintain”","{""all"":[{""equals"":[""NO"",""""],""field_key"":""TXN.MORT_NOT_REQUIRED""},{""equals"":[""SPLIT""],""field_key"":""TXN.MORT_DED_RESP""},{""any"":[{""equals"":[""HAS_WILL_MAINTAIN"",""WILL_OBTAIN""],""field_key"":""TXN.MORT_LESSOR_STATUS""},{""equals"":[""HAS_WILL_MAINTAIN"",""WILL_OBTAIN""],""field_key"":""TXN.MORT_LESSEE_STATUS""}]}]}","“Deductible split — paid by Lessor” — only if “Mortality insurance is not required for or by either party under this Agreement.” is “NO” or left blank and “Deductible responsibility” is “Split” | “Deductible split — paid by Lessee” — only if “Mortality insurance is not required for or by either party under this Agreement.” is “NO” or left blank and “Deductible responsibility” is “Split”","Turned on by “Mortality insurance is not required for or by either party under this Agreement.”, asked in §13.8 — cut that clause and this one falls back on whatever answers remain. | Turned on by “Deductible responsibility”, asked in §13.10 — cut that clause and this one stops printing for good. | Turned on by “Lessor”, asked in §13.9 — cut that clause and this one falls back on whatever answers remain. | Turned on by “Lessee”, asked in §13.9 — cut that clause and this one falls back on whatever answers remain.","standalone","",""
"13.12","100","13. Insurance, Risk of Loss, and Indemnification","INSURANCE_RISK.MORT_NONE","","Lessor has elected not to require mortality insurance under this Agreement. Lessor accepts full risk and responsibility for the loss …","no","“Mortality insurance is not required for or by either party under this Agreement.” is “YES”","{""equals"":[""YES""],""field_key"":""TXN.MORT_NOT_REQUIRED""}","— nothing","PROTECTIVE. Same for mortality: Lessor expressly accepts loss of the Horse’s value. | Turned on by “Mortality insurance is not required for or by either party under this Agreement.”, asked in §13.8 — cut that clause and this one stops printing for good.","PROTECTIVE","Same for mortality: Lessor expressly accepts loss of the Horse’s value.",""
"13.13","101","13. Insurance, Risk of Loss, and Indemnification","INSURANCE_RISK.MORT_LESSEE_RESP","Mortality — Lessee Responsibility","Lessee has elected to accept, and hereby accepts, financial responsibility for mortality insurance under this Agreement. Lessee shall obtain and …","no","“The Lessee accepts financial responsibility for mortality insurance under this Agreement.” is “YES”","{""equals"":[""YES""],""field_key"":""TXN.MORT_LESSEE_RESPONSIBLE""}","“The Lessee accepts financial responsibility for mortality insurance under this Agreement.” — only if “Lessor” is “Does not have and will not obtain” and “Lessee” is “Does not have and will not obtain” and “Mortality insurance is not required for or by either party under this Agreement.” is “NO” or left blank","PROTECTIVE. Same for mortality.","PROTECTIVE","Same for mortality.",""
"13.14","102","13. Insurance, Risk of Loss, and Indemnification","INSURANCE_RISK.MEDICAL","Medical Insurance","(no printed text — the “Medical Insurance” question only)","yes","always","","“Medical insurance is not required for or by either party under this Agreement.”","Cut → the question “Medical insurance is not required for or by either party under this Agreement.” goes with it, and 1 clause (§13.15) stops printing for good. | Cut → the question “Medical insurance is not required for or by either party under this Agreement.” goes with it, and 2 clauses (§13.17, §13.20) and 3 questions (“Lessor”, “Lessee”, “Deductible responsibility”) print in every lease from then on. | Cut → the question “Medical insurance is not required for or by either party under this Agreement.” goes with it, and 2 clauses (§13.18, §13.19) and 3 questions (“The Lessee accepts financial responsibility for medical insurance under this Agreement.”, “Deductible split — paid by Lessor”, “Deductible split — paid by Lessee”) fall back on whatever answers remain.","DEPENDED-UPON","",""
"13.15","103","13. Insurance, Risk of Loss, and Indemnification","INSURANCE_RISK.MED_NONE","","Lessor has elected not to maintain medical insurance on the Horse. Lessor accepts full risk and responsibility for any and …","no","“Medical insurance is not required for or by either party under this Agreement.” is “YES”","{""equals"":[""YES""],""field_key"":""TXN.MED_NOT_REQUIRED""}","— nothing","PROTECTIVE. Same for medical: Lessor expressly accepts injury and illness costs. | This clause points at §12.3 in prose — “except as otherwise expressly allocated in the Horse Care and Expenses section”. | This clause points at §12.5 in prose — that section’s actual allocations live in §12.5. | This clause points at §12.6 in prose — and §12.6. | Turned on by “Medical insurance is not required for or by either party under this Agreement.”, asked in §13.14 — cut that clause and this one stops printing for good.","PROTECTIVE","Same for medical: Lessor expressly accepts injury and illness costs.",""
"13.16","104","13. Insurance, Risk of Loss, and Indemnification","INSURANCE_RISK.MED_LESSEE_RESP","Medical — Lessee Responsibility","Lessee has elected to accept, and hereby accepts, financial responsibility for medical insurance under this Agreement. Lessee shall obtain and …","no","“The Lessee accepts financial responsibility for medical insurance under this Agreement.” is “YES”","{""equals"":[""YES""],""field_key"":""TXN.MED_LESSEE_RESPONSIBLE""}","“The Lessee accepts financial responsibility for medical insurance under this Agreement.” — only if “Lessor” is “Does not have and will not obtain” and “Lessee” is “Does not have and will not obtain” and “Medical insurance is not required for or by either party under this Agreement.” is “NO” or left blank","PROTECTIVE. Same for medical. | This clause points at §12.3 in prose — same words, same reference. | This clause points at §12.5 in prose — same. | This clause points at §12.6 in prose — same.","PROTECTIVE","Same for medical.",""
"13.17","105","13. Insurance, Risk of Loss, and Indemnification","INSURANCE_RISK.MED_STATUS","","Lessor: … medical insurance on the Horse. Lessee: … medical insurance on the Horse.","no","“Medical insurance is not required for or by either party under this Agreement.” is “NO” or left blank","{""equals"":[""NO"",""""],""field_key"":""TXN.MED_NOT_REQUIRED""}","“Lessor” [required] — only if “Medical insurance is not required for or by either party under this Agreement.” is “NO” or left blank | “Lessee” [required] — only if “Medical insurance is not required for or by either party under this Agreement.” is “NO” or left blank","Cut → the question “Lessor” goes with it, and 1 question (“The Lessee accepts financial responsibility for medical insurance under this Agreement.”) stops printing for good. | Cut → the question “Lessee” goes with it, and 1 question (“The Lessee accepts financial responsibility for medical insurance under this Agreement.”) stops printing for good. | Cut → the question “Lessor” goes with it, and 2 clauses (§13.18, §13.19) fall back on whatever answers remain. | Cut → the question “Lessee” goes with it, and 2 clauses (§13.18, §13.19) fall back on whatever answers remain. | Carries required fields “Lessor”, “Lessee” — cutting the clause removes them from the signing checks. | Turned on by “Medical insurance is not required for or by either party under this Agreement.”, asked in §13.14 — cut that clause and this one prints in every lease from then on.","DEPENDED-UPON","",""
"13.18","106","13. Insurance, Risk of Loss, and Indemnification","INSURANCE_RISK.MED_DEDR_SIMPLE","","If a claim is made under any such policy arising from events for which Lessee bears responsibility, whether directly or …","no","“Medical insurance is not required for or by either party under this Agreement.” is “NO” or left blank and “Lessor” is “Has and will maintain” or “Will obtain and will maintain”; or “Lessee” is “Has and will maintain” or “Will obtain and will maintain”","{""all"":[{""equals"":[""NO"",""""],""field_key"":""TXN.MED_NOT_REQUIRED""},{""any"":[{""equals"":[""HAS_WILL_MAINTAIN"",""WILL_OBTAIN""],""field_key"":""TXN.MED_LESSOR_STATUS""},{""equals"":[""HAS_WILL_MAINTAIN"",""WILL_OBTAIN""],""field_key"":""TXN.MED_LESSEE_STATUS""}]}]}","“Deductible responsibility” [required] — only if “Medical insurance is not required for or by either party under this Agreement.” is “NO” or left blank","Cut → the question “Deductible responsibility” goes with it, and 1 clause (§13.19) and 2 questions (“Deductible split — paid by Lessor”, “Deductible split — paid by Lessee”) stop printing for good. | Carries required field “Deductible responsibility” — cutting the clause removes it from the signing checks. | Turned on by “Medical insurance is not required for or by either party under this Agreement.”, asked in §13.14 — cut that clause and this one falls back on whatever answers remain. | Turned on by “Lessor”, asked in §13.17 — cut that clause and this one falls back on whatever answers remain. | Turned on by “Lessee”, asked in §13.17 — cut that clause and this one falls back on whatever answers remain.","DEPENDED-UPON","",""
"13.19","107","13. Insurance, Risk of Loss, and Indemnification","INSURANCE_RISK.MED_DEDR_SPLITC","","The deductible shall be split between the parties: … paid by Lessor and … paid by Lessee.","no","“Medical insurance is not required for or by either party under this Agreement.” is “NO” or left blank and “Deductible responsibility” is “Split” and “Lessor” is “Has and will maintain” or “Will obtain and will maintain”; or “Lessee” is “Has and will maintain” or “Will obtain and will maintain”","{""all"":[{""equals"":[""NO"",""""],""field_key"":""TXN.MED_NOT_REQUIRED""},{""equals"":[""SPLIT""],""field_key"":""TXN.MED_DED_RESP""},{""any"":[{""equals"":[""HAS_WILL_MAINTAIN"",""WILL_OBTAIN""],""field_key"":""TXN.MED_LESSOR_STATUS""},{""equals"":[""HAS_WILL_MAINTAIN"",""WILL_OBTAIN""],""field_key"":""TXN.MED_LESSEE_STATUS""}]}]}","“Deductible split — paid by Lessor” — only if “Medical insurance is not required for or by either party under this Agreement.” is “NO” or left blank and “Deductible responsibility” is “Split” | “Deductible split — paid by Lessee” — only if “Medical insurance is not required for or by either party under this Agreement.” is “NO” or left blank and “Deductible responsibility” is “Split”","Turned on by “Medical insurance is not required for or by either party under this Agreement.”, asked in §13.14 — cut that clause and this one falls back on whatever answers remain. | Turned on by “Deductible responsibility”, asked in §13.18 — cut that clause and this one stops printing for good. | Turned on by “Lessor”, asked in §13.17 — cut that clause and this one falls back on whatever answers remain. | Turned on by “Lessee”, asked in §13.17 — cut that clause and this one falls back on whatever answers remain.","standalone","",""
"13.20","108","13. Insurance, Risk of Loss, and Indemnification","INSURANCE_RISK.MED_TAIL","","Any out-of-pocket costs for deductibles or other expenses related to the needs of the Horse are to be paid by …","no","“Medical insurance is not required for or by either party under this Agreement.” is “NO” or left blank","{""equals"":[""NO"",""""],""field_key"":""TXN.MED_NOT_REQUIRED""}","— nothing","PROTECTIVE. Sweeps every uninsured, denied, underpaid or out-of-policy cost onto the Lessor. The residual-risk backstop for the whole insurance section. | This clause points at §8.1 in prose — “in accordance with the acceptable payment methods stated in this Agreement”. | This clause points at §7.2 in prose — the reimbursement it describes is conditioned on a receipt by §7.2. | Requires something in writing — what that means is set by §15.1, not here. | Turned on by “Medical insurance is not required for or by either party under this Agreement.”, asked in §13.14 — cut that clause and this one prints in every lease from then on.","PROTECTIVE","Sweeps every uninsured, denied, underpaid or out-of-policy cost onto the Lessor. The residual-risk backstop for the whole insurance section.",""
"13.21","109","13. Insurance, Risk of Loss, and Indemnification","INSURANCE_RISK.CCC","Care, Custody and Control Insurance","Lessee shall obtain and maintain, for the duration of this Agreement, care, custody and control insurance covering the Horse while …","no","“Lessee is an” is “Entity / organization”","{""equals"":[""ENTITY""],""field_key"":""LESSEE.PARTY_TYPE""}","— nothing","PROTECTIVE. Requires an entity Lessee to carry care, custody and control cover at fair market value, and makes failure a for-cause breach. | §13.22 points at this clause in prose — “Lessee’s care, custody and control insurance is secondary” — describes the policy §13.21 requires. | This clause points at §14.3 in prose — “a material breach subject to the Termination for Cause provisions”. | This clause points at §3.1 in prose — prints {{HORSE.FAIR_MARKET_VALUE}} as the required death-benefit limit. | Turned on by “Lessee is an”, asked in §1.1 — cut that clause and this one stops printing for good.","PROTECTIVE + DEPENDED-UPON","Requires an entity Lessee to carry care, custody and control cover at fair market value, and makes failure a for-cause breach.",""
"13.22","110","13. Insurance, Risk of Loss, and Indemnification","INSURANCE_RISK.COORDINATION","Coordination of Coverage","Lessor bears responsibility for loss of, injury to, or death of the Horse, and Lessor's mortality insurance shall be the …","no","“Mortality insurance is not required for or by either party under this Agreement.” is “NO” or left blank and “Lessee is an” is “Entity / organization”","{""all"":[{""equals"":[""NO"",""""],""field_key"":""TXN.MORT_NOT_REQUIRED""},{""equals"":[""ENTITY""],""field_key"":""LESSEE.PARTY_TYPE""}]}","— nothing","PROTECTIVE. Sets which policy responds first and who bears the deductible. Without it two policies exist with no ordering. | This clause points at §13.21 in prose — “Lessee’s care, custody and control insurance is secondary” — describes the policy §13.21 requires. | This clause points at §13.9 in prose — “Lessor’s mortality insurance shall be the first policy noticed”. | Turned on by “Mortality insurance is not required for or by either party under this Agreement.”, asked in §13.8 — cut that clause and this one falls back on whatever answers remain. | Turned on by “Lessee is an”, asked in §1.1 — cut that clause and this one stops printing for good.","PROTECTIVE","Sets which policy responds first and who bears the deductible. Without it two policies exist with no ordering.",""
"13.23","111","13. Insurance, Risk of Loss, and Indemnification","INSURANCE_RISK.RISK_OF_LOSS","Risk of Loss of or Injury to the Horse","Lessor assumes all risk of loss of or injury to the Horse during the term of this Agreement, except to …","yes","always","","— nothing","PROTECTIVE. Lessor bears all risk of loss of or injury to the Horse except for Lessee’s gross negligence. The core risk allocation of the lease.","PROTECTIVE","Lessor bears all risk of loss of or injury to the Horse except for Lessee’s gross negligence. The core risk allocation of the lease.",""
"13.24","112","13. Insurance, Risk of Loss, and Indemnification","INSURANCE_RISK.LOSS_OF_USE_ACK","Loss of Use","Lessor acknowledges and accepts that loss of use of the Horse may result from injury to, illness of, or the …","yes","always","","— nothing","PROTECTIVE. Lessor’s acknowledgement that no loss-of-use cover exists. Forecloses a later loss-of-use claim. | This clause points at §14.5 in prose — the loss of use it accepts is what §14.5 makes terminable.","PROTECTIVE","Lessor’s acknowledgement that no loss-of-use cover exists. Forecloses a later loss-of-use claim.",""
"13.25","113","13. Insurance, Risk of Loss, and Indemnification","INSURANCE_RISK.ASSUMPTION_INHERENT","Assumption of Inherent Risks","Lessee understands that horseback riding and handling horses are inherently dangerous activities. Lessee acknowledges that horses are unpredictable by nature …","yes","always","","— nothing","PROTECTIVE. Primary assumption of risk under Knight v. Jewett and Levinson v. Owens, with the express acknowledgement that no Lessor Party owes a duty as to inherent risks. California has no equine activity statute; this clause and §13.26 are the substitute. | §14.6 points at this clause in prose — names “assumptions of risk” — this is what survives.","PROTECTIVE + DEPENDED-UPON","Primary assumption of risk under Knight v. Jewett and Levinson v. Owens, with the express acknowledgement that no Lessor Party owes a duty as to inherent risks. California has no equine activity statute; this clause and §13.26 are the substitute.",""
"13.26","114","13. Insurance, Risk of Loss, and Indemnification","INSURANCE_RISK.RELEASE","Release of Liability","In consideration for being permitted to handle or ride the Horse, Lessee, on behalf of Lessee and anyone claiming by, …","yes","always","","— nothing","PROTECTIVE. The Lessee’s release of the Lessor Parties for ordinary negligence. The single most protective clause in the document. | §2.8 points at this clause in prose — makes the releases enforceable by non-signatories. | §14.6 points at this clause in prose — names “releases”.","PROTECTIVE + DEPENDED-UPON","The Lessee’s release of the Lessor Parties for ordinary negligence. The single most protective clause in the document.",""
"13.27","115","13. Insurance, Risk of Loss, and Indemnification","INSURANCE_RISK.RELEASE_LESSOR","Release of Liability by Lessor","In consideration of the mutual promises in this Agreement, Lessor, on behalf of Lessor and anyone claiming by, through, or …","yes","always","","— nothing","PROTECTIVE. The mirror release by the Lessor. Cutting it makes the release one-sided, which weakens the consideration argument for §13.26 as well as removing the Lessee’s protection. | §14.6 points at this clause in prose — names “releases”. | This clause points at §3.15 in prose — “any facility where the Horse is kept during the term of this Agreement”.","PROTECTIVE + DEPENDED-UPON","The mirror release by the Lessor. Cutting it makes the release one-sided, which weakens the consideration argument for §13.26 as well as removing the Lessee’s protection.",""
"13.28","116","13. Insurance, Risk of Loss, and Indemnification","INSURANCE_RISK.SAFETY_ATTIRE","Required Protective Attire","Lessee shall wear, and shall ensure that any other person riding the Horse under Lessee's authorization wears, an appropriately fitted …","yes","always","","— nothing","PROTECTIVE. Helmet and attire requirement, assumption of the increased risk of not wearing it, and automatic revocation of permission to ride. Both a safety control and an evidentiary one. | This clause points at §14.3 in prose — “constitutes a material breach of this Agreement”. | Requires something in writing — what that means is set by §15.1, not here.","PROTECTIVE","Helmet and attire requirement, assumption of the increased risk of not wearing it, and automatic revocation of permission to ride. Both a safety control and an evidentiary one.",""
"13.29","117","13. Insurance, Risk of Loss, and Indemnification","INSURANCE_RISK.TRAIL_RIDING","Trail Riding Risks","Lessee acknowledges that riding outside an enclosed arena, including trail riding, exposes Lessee and the Horse to additional risks, including …","no","“Permitted activities” includes “Trail Riding”","{""contains"":[""TRAIL""],""field_key"":""TXN.PERMITTED_ACTIVITIES""}","— nothing","PROTECTIVE. Express assumption of the specific added risks of trail riding. Inherent-risk doctrine is strongest where the specific risk was named. | Turned on by “Permitted activities”, asked in §11.1 — cut that clause and this one stops printing for good.","PROTECTIVE","Express assumption of the specific added risks of trail riding. Inherent-risk doctrine is strongest where the specific risk was named.",""
"13.30","118","13. Insurance, Risk of Loss, and Indemnification","INSURANCE_RISK.JUMPING_RISKS","Jumping Risks","Lessee acknowledges that jumping the Horse exposes Lessee and the Horse to additional risks beyond flat riding, including refusals, run-outs, …","no","“Permitted activities” includes “Jumping”","{""contains"":[""JUMPING""],""field_key"":""TXN.PERMITTED_ACTIVITIES""}","— nothing","PROTECTIVE. Same, for jumping. | Turned on by “Permitted activities”, asked in §11.1 — cut that clause and this one stops printing for good.","PROTECTIVE","Same, for jumping.",""
"13.31","119","13. Insurance, Risk of Loss, and Indemnification","INSURANCE_RISK.COMPETITION_RISKS","Competition Risks","Lessee acknowledges that competing with the Horse exposes Lessee and the Horse to additional risks, including unfamiliar and crowded show …","no","“Permitted activities” includes “Competitions”","{""contains"":[""COMPETITIONS""],""field_key"":""TXN.PERMITTED_ACTIVITIES""}","— nothing","PROTECTIVE. Same, for competition. | Turned on by “Permitted activities”, asked in §11.1 — cut that clause and this one stops printing for good.","PROTECTIVE","Same, for competition.",""
"13.32","120","13. Insurance, Risk of Loss, and Indemnification","INSURANCE_RISK.SHARED_ARENA_RISKS","Shared Arena Riding Risks","Lessee acknowledges that riding in an arena at the same time as other riders exposes Lessee and the Horse to …","no","“Permitted activities” includes “Group Arena Riding”","{""contains"":[""ARENA_GROUP""],""field_key"":""TXN.PERMITTED_ACTIVITIES""}","— nothing","PROTECTIVE. Same, for riding in a shared arena. | Turned on by “Permitted activities”, asked in §11.1 — cut that clause and this one stops printing for good.","PROTECTIVE","Same, for riding in a shared arena.",""
"13.33","121","13. Insurance, Risk of Loss, and Indemnification","INSURANCE_RISK.WAIVER_UNKNOWN","Waiver of Unknown Claims","Each party, on behalf of itself and anyone claiming by, through, or under it, expressly waives any and all claims …","yes","always","","— nothing","PROTECTIVE. California Civil Code §1542 waiver of unknown claims. Without an express §1542 waiver a general release does not reach claims the releasing party did not know about — which is most injury claims, since they arise after signing. | §14.6 points at this clause in prose — names “waivers”.","PROTECTIVE + DEPENDED-UPON","California Civil Code §1542 waiver of unknown claims. Without an express §1542 waiver a general release does not reach claims the releasing party did not know about — which is most injury claims, since they arise after signing.",""
"13.34","122","13. Insurance, Risk of Loss, and Indemnification","INSURANCE_RISK.INDEMNIFICATION","Mutual Indemnification","Each party shall indemnify, defend, and hold harmless the other party and, respectively, the Lessor Parties or the Lessee Parties, …","yes","always","","— nothing","PROTECTIVE. Mutual indemnity and defence obligation. The mechanism that pays for defending a third-party claim. | §2.8 points at this clause in prose — same. | §13.35 points at this clause in prose — “either party’s indemnification obligations” is carved out of the cap. | §14.6 points at this clause in prose — names “indemnities”.","PROTECTIVE + DEPENDED-UPON","Mutual indemnity and defence obligation. The mechanism that pays for defending a third-party claim.",""
"13.35","123","13. Insurance, Risk of Loss, and Indemnification","INSURANCE_RISK.LIMITATION","Limitation of Liability","Under no circumstances shall either party be liable to the other for any special, consequential, incidental, or punitive damages arising …","yes","always","","— nothing","PROTECTIVE. Excludes consequential and punitive damages and caps aggregate liability at the Horse’s fair market value. | §2.8 points at this clause in prose — same. | §14.6 points at this clause in prose — names “limitations of liability”. | This clause points at §13.34 in prose — “either party’s indemnification obligations” is carved out of the cap. | This clause points at §3.1 in prose — the cap is {{HORSE.FAIR_MARKET_VALUE}}.","PROTECTIVE + DEPENDED-UPON","Excludes consequential and punitive damages and caps aggregate liability at the Horse’s fair market value.",""
"14.1","124","14. Termination","TERMINATION.LESSEE","Lessee's Right to Terminate","Lessee may terminate this Agreement by giving Lessor at least … days' prior written notice.","yes","always","","“Days notice”","§10.5 points at this clause in prose — “as provided in the Termination section” — §14 as a whole. | Requires something in writing — what that means is set by §15.1, not here.","DEPENDED-UPON","",""
"14.2","125","14. Termination","TERMINATION.OWNER","Owner's Right to Terminate","Lessor may terminate this Agreement by giving Lessee at least … days' prior written notice.","yes","always","","“Days notice”","§10.5 points at this clause in prose — same. | Requires something in writing — what that means is set by §15.1, not here.","DEPENDED-UPON","",""
"14.3","126","14. Termination","TERMINATION.CAUSE","Termination for Cause","Either party may terminate this Agreement for cause (including a material breach that remains uncured) by giving the other party …","yes","always","","“Days notice”","PROTECTIVE. The for-cause termination right. Four other clauses (§7.3, §13.21, §13.28 and §10.5) point at it as the consequence of breach. | Defines “Termination for Cause”, used in §7.3, §13.21. | §7.3 points at this clause in prose — “grounds for termination for cause under the Termination for Cause provisions”. | §10.5 points at this clause in prose — same. | §13.21 points at this clause in prose — “a material breach subject to the Termination for Cause provisions”. | §13.28 points at this clause in prose — “constitutes a material breach of this Agreement”. | Requires something in writing — what that means is set by §15.1, not here.","PROTECTIVE + DEPENDED-UPON","The for-cause termination right. Four other clauses (§7.3, §13.21, §13.28 and §10.5) point at it as the consequence of breach.",""
"14.4","127","14. Termination","TERMINATION.LOSS","Self-Termination upon Loss or Injury","This Agreement shall self-terminate if the Horse is significantly injured or seriously ill as determined by a licensed veterinarian, or …","yes","always","","— nothing","PROTECTIVE. Self-termination on serious injury, illness or death, with a prorated refund of the Lease Fee — and the forfeiture of that refund where the Lessee caused the loss by gross negligence. | This clause points at §6.1 in prose — “a prorated refund of Lease Fee paid”.","PROTECTIVE","Self-termination on serious injury, illness or death, with a prorated refund of the Lease Fee — and the forfeiture of that refund where the Lessee caused the loss by gross negligence.",""
"14.5","128","14. Termination","TERMINATION.LOSS_OF_USE","Termination upon Loss of Use","If the Horse becomes unusable for the purposes of this Agreement for any reason, Lessee may terminate this Agreement immediately …","yes","always","","— nothing","PROTECTIVE. The Lessee’s immediate exit and prorated refund if the Horse becomes unusable for any reason. The Lessee’s only remedy for a horse that cannot do the job. | §13.24 points at this clause in prose — the loss of use it accepts is what §14.5 makes terminable. | This clause points at §6.1 in prose — same. | Requires something in writing — what that means is set by §15.1, not here.","PROTECTIVE + DEPENDED-UPON","The Lessee’s immediate exit and prorated refund if the Horse becomes unusable for any reason. The Lessee’s only remedy for a horse that cannot do the job.",""
"14.6","129","14. Termination","TERMINATION.SURVIVAL","Survival","The releases, waivers, assumptions of risk, indemnities, and limitations of liability in this Agreement, and any payment obligations accrued before …","yes","always","","— nothing","PROTECTIVE. Keeps the releases, waivers, assumptions of risk, indemnities and limitations alive after the lease ends. Injury claims are usually brought after termination; without this clause the protections arguably expire with the lease. | This clause points at §13.25 in prose — names “assumptions of risk” — this is what survives. | This clause points at §13.26 in prose — names “releases”. | This clause points at §13.27 in prose — names “releases”. | This clause points at §13.33 in prose — names “waivers”. | This clause points at §13.34 in prose — names “indemnities”. | This clause points at §13.35 in prose — names “limitations of liability”.","PROTECTIVE","Keeps the releases, waivers, assumptions of risk, indemnities and limitations alive after the lease ends. Injury claims are usually brought after termination; without this clause the protections arguably expire with the lease.",""
"15.1","130","15. Notice and Contact Information","NOTICE.FORM","Form of Notice","Any notice required or permitted under this Agreement shall be in writing and delivered by a method that provides evidence …","yes","always","","— nothing","PROTECTIVE. Says what written notice is, how it must be delivered, and that email alone does not count unless acknowledged. Every notice period, termination right and written-consent requirement in the lease resolves through this clause. | 19 clauses require something “in writing” or by “written notice” and resolve through this one: §3.18, §5.3, §7.3, §9.2, §9.3, §11.1, §11.21, §12.1, §12.2, §13.20, §13.28, §14.1, §14.2, §14.3, §14.5, §15.4, §16.1, §17.1, §18.1. | This clause points at §15.2 in prose — “to the party at the contact information below”. | This clause points at §15.3 in prose — same.","PROTECTIVE + DEPENDED-UPON","Says what written notice is, how it must be delivered, and that email alone does not count unless acknowledged. Every notice period, termination right and written-consent requirement in the lease resolves through this clause.",""
"15.2","131","15. Notice and Contact Information","NOTICE.LESSEE_ADDRESS","Lessee","Name: … Address: … Phone: … Email: …","yes","always","","— nothing","§15.1 points at this clause in prose — “to the party at the contact information below”. | §15.4 points at this clause in prose — keeps the §15.2 block current.","DEPENDED-UPON","",""
"15.3","132","15. Notice and Contact Information","NOTICE.LESSOR_ADDRESS","Lessor","Name: … Address: … Phone: … Email: …","yes","always","","— nothing","§15.1 points at this clause in prose — same. | §15.4 points at this clause in prose — keeps the §15.3 block current.","DEPENDED-UPON","",""
"15.4","133","15. Notice and Contact Information","NOTICE.CHANGES","Changes in Contact Information","Each party shall promptly notify the other party in writing of any change in the party's address or contact information.","yes","always","","— nothing","This clause points at §15.2 in prose — keeps the §15.2 block current. | This clause points at §15.3 in prose — keeps the §15.3 block current. | Requires something in writing — what that means is set by §15.1, not here.","standalone","",""
"16.1","134","16. Assignment or Transfer","ASSIGNMENT.NO_ASSIGN","Assignment or Transfer","Lessee shall not assign, sublease, or otherwise transfer this Agreement or any of Lessee's rights or obligations under it without …","yes","always","","— nothing","PROTECTIVE. Stops the Lessee handing the Horse on to someone who has signed nothing. | Requires something in writing — what that means is set by §15.1, not here.","PROTECTIVE","Stops the Lessee handing the Horse on to someone who has signed nothing.",""
"17.1","135","17. Entire Agreement","ENTIRE_AGREEMENT.INTEGRATION","Entire Agreement","This Agreement contains the entire agreement between the parties with respect to its subject matter and supersedes all prior discussions …","yes","always","","— nothing","PROTECTIVE. Integration clause plus written-modification requirement. Excludes side conversations and oral variations. | Requires something in writing — what that means is set by §15.1, not here.","PROTECTIVE","Integration clause plus written-modification requirement. Excludes side conversations and oral variations.",""
"18.1","136","18. Governing Law and Venue","GOVERNING_LAW.CHOICE","Governing Law and Venue","This Agreement is governed by the laws of the State of California, without regard to conflict-of-laws principles. Any dispute arising …","yes","always","","— nothing","PROTECTIVE. California law, JAMS arbitration in San Diego County, small-claims and injunctive carve-outs. Cutting it puts disputes in open court under whatever forum rules apply. | This clause points at §3.18 in prose — “including recovery of possession of the Horse” — the repossession right §3.18 grants. | Requires something in writing — what that means is set by §15.1, not here.","PROTECTIVE","California law, JAMS arbitration in San Diego County, small-claims and injunctive carve-outs. Cutting it puts disputes in open court under whatever forum rules apply.",""
"19.1","137","19. Attorneys' Fees","ATTORNEYS_FEES.PREVAILING","Attorneys' Fees","Each party shall cover their own attorney's fees and costs.","yes","always","","— nothing","PROTECTIVE. Each side bears its own fees. This matches the California default, so cutting it changes little — but it also forecloses an argument for fee-shifting.","PROTECTIVE","Each side bears its own fees. This matches the California default, so cutting it changes little — but it also forecloses an argument for fee-shifting.",""
"20.1","138","20. Severability","SEVERABILITY.SAVING","Severability","If any provision of this Agreement is held to be invalid or unenforceable, the remaining provisions shall continue in full …","yes","always","","— nothing","PROTECTIVE. Keeps the rest of the agreement alive, and allows blue-pencilling, if a release or waiver is held unenforceable. The safety net under every protective clause above.","PROTECTIVE","Keeps the rest of the agreement alive, and allows blue-pencilling, if a release or waiver is held unenforceable. The safety net under every protective clause above.",""
"21.1","139","21. Lessee's Representations","LESSEE_REPS.PENDING","Lessee's Representations","[Pending — select whether Lessee is an individual or an entity. This placeholder is replaced by the applicable representations and …","no","“Lessee is an” is left blank","{""equals"":[""""],""field_key"":""LESSEE.PARTY_TYPE""}","— nothing","Turned on by “Lessee is an”, asked in §1.1 — cut that clause and this one prints in every lease from then on.","standalone","",""
"21.2","140","21. Lessee's Representations","LESSEE_REPS.MAIN_INDIVIDUAL","Lessee's Representations","Lessee represents and warrants that Lessee is at least 18 years of age and has full authority to enter into …","no","“Lessee is an” is “Individual”","{""equals"":[""INDIVIDUAL""],""field_key"":""LESSEE.PARTY_TYPE""}","— nothing","PROTECTIVE. Lessee’s representations of age, capacity, fitness and experience, and the express acknowledgement of having read the agreement and of giving up substantial legal rights including the right to sue. This acknowledgement is what makes §13.25–§13.27 stand up. | Turned on by “Lessee is an”, asked in §1.1 — cut that clause and this one stops printing for good.","PROTECTIVE","Lessee’s representations of age, capacity, fitness and experience, and the express acknowledgement of having read the agreement and of giving up substantial legal rights including the right to sue. This acknowledgement is what makes §13.25–§13.27 stand up.",""
"21.3","141","21. Lessee's Representations","LESSEE_REPS.MAIN_ENTITY","Lessee's Representations","Lessee represents and warrants that Lessee is duly organized and in good standing, and has full authority to enter into …","no","“Lessee is an” is “Entity / organization”","{""equals"":[""ENTITY""],""field_key"":""LESSEE.PARTY_TYPE""}","— nothing","PROTECTIVE. Entity form of the same, plus the undertaking that every rider has signed the required releases. | This clause points at §11.23 in prose — “will, before doing so, have executed the releases required under this Agreement”. | Turned on by “Lessee is an”, asked in §1.1 — cut that clause and this one stops printing for good.","PROTECTIVE","Entity form of the same, plus the undertaking that every rider has signed the required releases.",""
"22.1","142","22. Signatures","SIGNATURES.BLOCK","Signatures","IN WITNESS WHEREOF, the parties have executed this Agreement as of the date first written above. LESSEE Signature: … Printed …","yes","always","","— nothing","PROTECTIVE. Execution block. Without it the document cannot be signed.","PROTECTIVE","Execution block. Without it the document cannot be signed.",""
"22.2","143","22. Signatures","SIGNATURES.LESSEE_CAPACITY","","By: … Title: … Signing on behalf of …","no","“Lessee is an” is “Entity / organization”","{""equals"":[""ENTITY""],""field_key"":""LESSEE.PARTY_TYPE""}","“Signing individual — name” [required] — only if “Lessee is an” is “Entity / organization” | “Signing individual — title” [required] — only if “Lessee is an” is “Entity / organization”","Carries required fields “Signing individual — name”, “Signing individual — title” — cutting the clause removes them from the signing checks. | Turned on by “Lessee is an”, asked in §1.1 — cut that clause and this one stops printing for good.","DEPENDED-UPON","",""
"22.3","144","22. Signatures","SIGNATURES.LESSOR_CAPACITY","","By: … Title: … Signing on behalf of …","no","“Lessor is an” is “Entity / organization”","{""equals"":[""ENTITY""],""field_key"":""LESSOR.PARTY_TYPE""}","“Signing individual — name” [required] — only if “Lessor is an” is “Entity / organization” | “Signing individual — title” [required] — only if “Lessor is an” is “Entity / organization”","Carries required fields “Signing individual — name”, “Signing individual — title” — cutting the clause removes them from the signing checks. | Turned on by “Lessor is an”, asked in §1.1 — cut that clause and this one stops printing for good.","DEPENDED-UPON","",""
